<?xml version="1.0" encoding="UTF-8"?>
<?xml-stylesheet type="text/xsl" media="screen" href="/~d/styles/rss2full.xsl"?><?xml-stylesheet type="text/css" media="screen" href="http://feeds.feedburner.com/~d/styles/itemcontent.css"?><rss xmlns:rdf="http://www.w3.org/1999/02/22-rdf-syntax-ns#" xmlns:taxo="http://purl.org/rss/1.0/modules/taxonomy/" xmlns:dc="http://purl.org/dc/elements/1.1/" xmlns:itunes="http://www.itunes.com/dtds/podcast-1.0.dtd" xmlns:feedburner="http://rssnamespace.org/feedburner/ext/1.0" version="2.0"><channel><title>NDTV News - Top Stories</title><link>http://www.ndtv.com/</link><description>Latest entries</description><language>en</language><pubDate>Fri, 15 Apr 2016 22:03:00 GMT</pubDate><lastBuildDate>Fri, 15 Apr 2016 22:03:00 GMT</lastBuildDate><ttl>30</ttl><atom10:link xmlns:atom10="http://www.w3.org/2005/Atom" rel="self" type="application/rss+xml" href="http://feeds.feedburner.com/NdtvNews-TopStories" /><feedburner:info uri="ndtvnews-topstories" /><atom10:link xmlns:atom10="http://www.w3.org/2005/Atom" rel="hub" href="http://pubsubhubbub.appspot.com/" /><item><title>In Drought-Hit Latur, 10,000 Litres Water For Minister's Makeshift Helipad</title><link>http://feedproxy.google.com/~r/NdtvNews-TopStories/~3/0Ug-Bh5bm8E/story01.htm</link><description>At a time when Latur has become the epicentre of the drought in Maharashtra's Marathwada, the local administration is being accused of wasting water for a ministerial visit.&lt;br clear='all'/&gt;&lt;br/&gt;&lt;br/&gt;&lt;a href="http://rc.feedsportal.com/r/247398091360/u/49/f/606695/c/33805/s/4ef85395/sc/31/rc/1/rc.htm" rel="nofollow"&gt;&lt;img src="http://rc.feedsportal.com/r/247398091360/u/49/f/606695/c/33805/s/4ef85395/sc/31/rc/1/rc.img" border="0"/&gt;&lt;/a&gt;&lt;br/&gt;&lt;br/&gt;&lt;a href="http://rc.feedsportal.com/r/247398091360/u/49/f/606695/c/33805/s/4ef85395/sc/31/rc/2/rc.htm" rel="nofollow"&gt;&lt;img src="http://rc.feedsportal.com/r/247398091360/u/49/f/606695/c/33805/s/4ef85395/sc/31/rc/2/rc.img" border="0"/&gt;&lt;/a&gt;&lt;br/&gt;&lt;br/&gt;&lt;a href="http://rc.feedsportal.com/r/247398091360/u/49/f/606695/c/33805/s/4ef85395/sc/31/rc/3/rc.htm" rel="nofollow"&gt;&lt;img src="http://rc.feedsportal.com/r/247398091360/u/49/f/606695/c/33805/s/4ef85395/sc/31/rc/3/rc.img" border="0"/&gt;&lt;/a&gt;&lt;br/&gt;&lt;br/&gt;&lt;a href="http://da.feedsportal.com/r/247398091360/u/49/f/606695/c/33805/s/4ef85395/sc/31/a2.htm"&gt;&lt;img src="http://da.feedsportal.com/r/247398091360/u/49/f/606695/c/33805/s/4ef85395/sc/31/a2.img" border="0"/&gt;&lt;/a&gt;&lt;img width="1" height="1" src="http://pi.feedsportal.com/r/247398091360/u/49/f/606695/c/33805/s/4ef85395/sc/31/a2t.img" border="0"/&gt;&lt;img width='1' height='1' src='http://ndtv.com.feedsportal.com/c/33805/f/606695/s/4ef85395/sc/31/mf.gif' border='0'/&gt;&lt;img src="http://feeds.feedburner.com/~r/NdtvNews-TopStories/~4/0Ug-Bh5bm8E" height="1" width="1" alt=""/&gt;</description><category domain="">india-news</category><pubDate>Fri, 15 Apr 2016 16:29:30 GMT</pubDate><guid isPermaLink="false">1395989</guid><feedburner:origLink>http://ndtv.com.feedsportal.com/c/33805/f/606695/s/4ef85395/sc/31/l/0L0Sndtv0N0Cindia0Enews0Cin0Edrought0Ehit0Elatur0E10A0E0A0A0A0Elitres0Ewater0Efor0Eministers0Emake0Eshift0Ehelipad0E1395989/story01.htm</feedburner:origLink></item><item><title>DD vs KXIP IPL 2016 Live: Amit Mishra 4/11 Restricts KXIP to 111/9</title><link>http://feedproxy.google.com/~r/NdtvNews-TopStories/~3/zF-3G7w3h04/story01.htm</link><description>Amit Mishra's 4/11 from his three overs restricted the Kings XI Punjab to a meagre 111/9 at the Feroz Shah Kotla. Home team Delhi Daredevils need to chase down 112 to secure their first win of the tou...&lt;br clear='all'/&gt;&lt;br/&gt;&lt;br/&gt;&lt;a href="http://rc.feedsportal.com/r/258280648201/u/49/f/606695/c/33805/s/4ef76de6/sc/13/rc/1/rc.htm" rel="nofollow"&gt;&lt;img src="http://rc.feedsportal.com/r/258280648201/u/49/f/606695/c/33805/s/4ef76de6/sc/13/rc/1/rc.img" border="0"/&gt;&lt;/a&gt;&lt;br/&gt;&lt;br/&gt;&lt;a href="http://rc.feedsportal.com/r/258280648201/u/49/f/606695/c/33805/s/4ef76de6/sc/13/rc/2/rc.htm" rel="nofollow"&gt;&lt;img src="http://rc.feedsportal.com/r/258280648201/u/49/f/606695/c/33805/s/4ef76de6/sc/13/rc/2/rc.img" border="0"/&gt;&lt;/a&gt;&lt;br/&gt;&lt;br/&gt;&lt;a href="http://rc.feedsportal.com/r/258280648201/u/49/f/606695/c/33805/s/4ef76de6/sc/13/rc/3/rc.htm" rel="nofollow"&gt;&lt;img src="http://rc.feedsportal.com/r/258280648201/u/49/f/606695/c/33805/s/4ef76de6/sc/13/rc/3/rc.img" border="0"/&gt;&lt;/a&gt;&lt;br/&gt;&lt;br/&gt;&lt;a href="http://da.feedsportal.com/r/258280648201/u/49/f/606695/c/33805/s/4ef76de6/sc/13/a2.htm"&gt;&lt;img src="http://da.feedsportal.com/r/258280648201/u/49/f/606695/c/33805/s/4ef76de6/sc/13/a2.img" border="0"/&gt;&lt;/a&gt;&lt;img width="1" height="1" src="http://pi.feedsportal.com/r/258280648201/u/49/f/606695/c/33805/s/4ef76de6/sc/13/a2t.img" border="0"/&gt;&lt;img width='1' height='1' src='http://ndtv.com.feedsportal.com/c/33805/f/606695/s/4ef76de6/sc/13/mf.gif' border='0'/&gt;&lt;img src="http://feeds.feedburner.com/~r/NdtvNews-TopStories/~4/zF-3G7w3h04" height="1" width="1" alt=""/&gt;</description><category domain="">cricket</category><pubDate>Fri, 15 Apr 2016 16:19:44 GMT</pubDate><guid isPermaLink="false">257490</guid><feedburner:origLink>http://ndtv.com.feedsportal.com/c/33805/f/606695/s/4ef76de6/sc/13/l/0Lsports0Bndtv0N0Carticle0C257490A/story01.htm</feedburner:origLink></item><item><title>Class 11 Student Killed In Firing By Security Forces In Kashmir</title><link>http://feedproxy.google.com/~r/NdtvNews-TopStories/~3/TUiMpTLE-sw/story01.htm</link><description>A class 11 student was killed and seven persons were injured in Kashmir on Friday as security forces opened fire on protesters in Kupwara in clashes that mirrored the deaths in Handwara three days ago...&lt;br clear='all'/&gt;&lt;br/&gt;&lt;br/&gt;&lt;a href="http://rc.feedsportal.com/r/247398065186/u/49/f/606695/c/33805/s/4ef6d642/sc/13/rc/1/rc.htm" rel="nofollow"&gt;&lt;img src="http://rc.feedsportal.com/r/247398065186/u/49/f/606695/c/33805/s/4ef6d642/sc/13/rc/1/rc.img" border="0"/&gt;&lt;/a&gt;&lt;br/&gt;&lt;br/&gt;&lt;a href="http://rc.feedsportal.com/r/247398065186/u/49/f/606695/c/33805/s/4ef6d642/sc/13/rc/2/rc.htm" rel="nofollow"&gt;&lt;img src="http://rc.feedsportal.com/r/247398065186/u/49/f/606695/c/33805/s/4ef6d642/sc/13/rc/2/rc.img" border="0"/&gt;&lt;/a&gt;&lt;br/&gt;&lt;br/&gt;&lt;a href="http://rc.feedsportal.com/r/247398065186/u/49/f/606695/c/33805/s/4ef6d642/sc/13/rc/3/rc.htm" rel="nofollow"&gt;&lt;img src="http://rc.feedsportal.com/r/247398065186/u/49/f/606695/c/33805/s/4ef6d642/sc/13/rc/3/rc.img" border="0"/&gt;&lt;/a&gt;&lt;br/&gt;&lt;br/&gt;&lt;a href="http://da.feedsportal.com/r/247398065186/u/49/f/606695/c/33805/s/4ef6d642/sc/13/a2.htm"&gt;&lt;img src="http://da.feedsportal.com/r/247398065186/u/49/f/606695/c/33805/s/4ef6d642/sc/13/a2.img" border="0"/&gt;&lt;/a&gt;&lt;img width="1" height="1" src="http://pi.feedsportal.com/r/247398065186/u/49/f/606695/c/33805/s/4ef6d642/sc/13/a2t.img" border="0"/&gt;&lt;img width='1' height='1' src='http://ndtv.com.feedsportal.com/c/33805/f/606695/s/4ef6d642/sc/13/mf.gif' border='0'/&gt;&lt;img src="http://feeds.feedburner.com/~r/NdtvNews-TopStories/~4/TUiMpTLE-sw" height="1" width="1" alt=""/&gt;</description><category domain="">india-news</category><pubDate>Fri, 15 Apr 2016 15:51:03 GMT</pubDate><guid isPermaLink="false">1395906</guid><feedburner:origLink>http://ndtv.com.feedsportal.com/c/33805/f/606695/s/4ef6d642/sc/13/l/0L0Sndtv0N0Cindia0Enews0Cfour0Einjured0Eduring0Eprotests0Eagainst0Ehandwara0Edeaths0Ein0Ekashmir0E139590A6/story01.htm</feedburner:origLink></item><item><title>MS Dhoni Quits as Amrapali Brand Ambassador As Requested In Tweets</title><link>http://feedproxy.google.com/~r/NdtvNews-TopStories/~3/6BFM7WaAnAY/story01.htm</link><description>Mahendra Singh Dhoni was the brand ambassador of realty firm Amrapali for the last six to seven years.&lt;br clear='all'/&gt;&lt;br/&gt;&lt;br/&gt;&lt;a href="http://rc.feedsportal.com/r/247398085815/u/49/f/606695/c/33805/s/4ef7c7be/sc/27/rc/1/rc.htm" rel="nofollow"&gt;&lt;img src="http://rc.feedsportal.com/r/247398085815/u/49/f/606695/c/33805/s/4ef7c7be/sc/27/rc/1/rc.img" border="0"/&gt;&lt;/a&gt;&lt;br/&gt;&lt;br/&gt;&lt;a href="http://rc.feedsportal.com/r/247398085815/u/49/f/606695/c/33805/s/4ef7c7be/sc/27/rc/2/rc.htm" rel="nofollow"&gt;&lt;img src="http://rc.feedsportal.com/r/247398085815/u/49/f/606695/c/33805/s/4ef7c7be/sc/27/rc/2/rc.img" border="0"/&gt;&lt;/a&gt;&lt;br/&gt;&lt;br/&gt;&lt;a href="http://rc.feedsportal.com/r/247398085815/u/49/f/606695/c/33805/s/4ef7c7be/sc/27/rc/3/rc.htm" rel="nofollow"&gt;&lt;img src="http://rc.feedsportal.com/r/247398085815/u/49/f/606695/c/33805/s/4ef7c7be/sc/27/rc/3/rc.img" border="0"/&gt;&lt;/a&gt;&lt;br/&gt;&lt;br/&gt;&lt;a href="http://da.feedsportal.com/r/247398085815/u/49/f/606695/c/33805/s/4ef7c7be/sc/27/a2.htm"&gt;&lt;img src="http://da.feedsportal.com/r/247398085815/u/49/f/606695/c/33805/s/4ef7c7be/sc/27/a2.img" border="0"/&gt;&lt;/a&gt;&lt;img width="1" height="1" src="http://pi.feedsportal.com/r/247398085815/u/49/f/606695/c/33805/s/4ef7c7be/sc/27/a2t.img" border="0"/&gt;&lt;img width='1' height='1' src='http://ndtv.com.feedsportal.com/c/33805/f/606695/s/4ef7c7be/sc/27/mf.gif' border='0'/&gt;&lt;img src="http://feeds.feedburner.com/~r/NdtvNews-TopStories/~4/6BFM7WaAnAY" height="1" width="1" alt=""/&gt;</description><category domain="">cricket</category><pubDate>Fri, 15 Apr 2016 15:33:27 GMT</pubDate><guid isPermaLink="false">257500</guid><feedburner:origLink>http://ndtv.com.feedsportal.com/c/33805/f/606695/s/4ef7c7be/sc/27/l/0Lsports0Bndtv0N0Carticle0C25750A0A/story01.htm</feedburner:origLink></item><item><title>After Siddaramaiah's Watch, Yeddyurappa's Rs 1-Crore SUV Revs Up Row</title><link>http://feedproxy.google.com/~r/NdtvNews-TopStories/~3/1ZoQtis02JM/story01.htm</link><description>After Karnataka chief minister K Siddaramaiah's Rs 70-lakh watch, BJP state chief BS Yeddyurappa's new ride is creating a buzz. It is a Land Cruiser, which costs about Rs 1 crore.&lt;br clear='all'/&gt;&lt;br/&gt;&lt;br/&gt;&lt;a href="http://rc.feedsportal.com/r/247398085814/u/49/f/606695/c/33805/s/4ef7c7bc/sc/28/rc/1/rc.htm" rel="nofollow"&gt;&lt;img src="http://rc.feedsportal.com/r/247398085814/u/49/f/606695/c/33805/s/4ef7c7bc/sc/28/rc/1/rc.img" border="0"/&gt;&lt;/a&gt;&lt;br/&gt;&lt;br/&gt;&lt;a href="http://rc.feedsportal.com/r/247398085814/u/49/f/606695/c/33805/s/4ef7c7bc/sc/28/rc/2/rc.htm" rel="nofollow"&gt;&lt;img src="http://rc.feedsportal.com/r/247398085814/u/49/f/606695/c/33805/s/4ef7c7bc/sc/28/rc/2/rc.img" border="0"/&gt;&lt;/a&gt;&lt;br/&gt;&lt;br/&gt;&lt;a href="http://rc.feedsportal.com/r/247398085814/u/49/f/606695/c/33805/s/4ef7c7bc/sc/28/rc/3/rc.htm" rel="nofollow"&gt;&lt;img src="http://rc.feedsportal.com/r/247398085814/u/49/f/606695/c/33805/s/4ef7c7bc/sc/28/rc/3/rc.img" border="0"/&gt;&lt;/a&gt;&lt;br/&gt;&lt;br/&gt;&lt;a href="http://da.feedsportal.com/r/247398085814/u/49/f/606695/c/33805/s/4ef7c7bc/sc/28/a2.htm"&gt;&lt;img src="http://da.feedsportal.com/r/247398085814/u/49/f/606695/c/33805/s/4ef7c7bc/sc/28/a2.img" border="0"/&gt;&lt;/a&gt;&lt;img width="1" height="1" src="http://pi.feedsportal.com/r/247398085814/u/49/f/606695/c/33805/s/4ef7c7bc/sc/28/a2t.img" border="0"/&gt;&lt;img width='1' height='1' src='http://ndtv.com.feedsportal.com/c/33805/f/606695/s/4ef7c7bc/sc/28/mf.gif' border='0'/&gt;&lt;img src="http://feeds.feedburner.com/~r/NdtvNews-TopStories/~4/1ZoQtis02JM" height="1" width="1" alt=""/&gt;</description><category domain="">karnataka-news</category><pubDate>Fri, 15 Apr 2016 15:28:43 GMT</pubDate><guid isPermaLink="false">1395976</guid><feedburner:origLink>http://ndtv.com.feedsportal.com/c/33805/f/606695/s/4ef7c7bc/sc/28/l/0L0Sndtv0N0Ckarnataka0Enews0Cafter0Esiddaramaiahs0Ewatch0Eyeddyurappas0Ers0E10Ecrore0Esuv0Erevs0Eup0Erow0E1395976/story01.htm</feedburner:origLink></item><item><title>Finally, A Deal. India To Buy 36 Rafale Jets For $8.8 Billion</title><link>http://feedproxy.google.com/~r/NdtvNews-TopStories/~3/EezfS-Tvkb0/story01.htm</link><description>India's much-negotiated deal with France for 36 fighter jets is final - it will buy the French-made Rafale planes for 8.8 billion dollars, said sources to NDTV. The agreement is to be signed within th...&lt;br clear='all'/&gt;&lt;br/&gt;&lt;br/&gt;&lt;a href="http://rc.feedsportal.com/r/247398081238/u/49/f/606695/c/33805/s/4ef78e11/sc/47/rc/1/rc.htm" rel="nofollow"&gt;&lt;img src="http://rc.feedsportal.com/r/247398081238/u/49/f/606695/c/33805/s/4ef78e11/sc/47/rc/1/rc.img" border="0"/&gt;&lt;/a&gt;&lt;br/&gt;&lt;br/&gt;&lt;a href="http://rc.feedsportal.com/r/247398081238/u/49/f/606695/c/33805/s/4ef78e11/sc/47/rc/2/rc.htm" rel="nofollow"&gt;&lt;img src="http://rc.feedsportal.com/r/247398081238/u/49/f/606695/c/33805/s/4ef78e11/sc/47/rc/2/rc.img" border="0"/&gt;&lt;/a&gt;&lt;br/&gt;&lt;br/&gt;&lt;a href="http://rc.feedsportal.com/r/247398081238/u/49/f/606695/c/33805/s/4ef78e11/sc/47/rc/3/rc.htm" rel="nofollow"&gt;&lt;img src="http://rc.feedsportal.com/r/247398081238/u/49/f/606695/c/33805/s/4ef78e11/sc/47/rc/3/rc.img" border="0"/&gt;&lt;/a&gt;&lt;br/&gt;&lt;br/&gt;&lt;a href="http://da.feedsportal.com/r/247398081238/u/49/f/606695/c/33805/s/4ef78e11/sc/47/a2.htm"&gt;&lt;img src="http://da.feedsportal.com/r/247398081238/u/49/f/606695/c/33805/s/4ef78e11/sc/47/a2.img" border="0"/&gt;&lt;/a&gt;&lt;img width="1" height="1" src="http://pi.feedsportal.com/r/247398081238/u/49/f/606695/c/33805/s/4ef78e11/sc/47/a2t.img" border="0"/&gt;&lt;img width='1' height='1' src='http://ndtv.com.feedsportal.com/c/33805/f/606695/s/4ef78e11/sc/47/mf.gif' border='0'/&gt;&lt;img src="http://feeds.feedburner.com/~r/NdtvNews-TopStories/~4/EezfS-Tvkb0" height="1" width="1" alt=""/&gt;</description><category domain="">india-news</category><pubDate>Fri, 15 Apr 2016 15:22:33 GMT</pubDate><guid isPermaLink="false">1395958</guid><feedburner:origLink>http://ndtv.com.feedsportal.com/c/33805/f/606695/s/4ef78e11/sc/47/l/0L0Sndtv0N0Cindia0Enews0Crafale0Ejet0Edeal0Efinalised0Eby0Eindia0Eand0Efrance0Efor0E70E80Ebillion0Eeuros0E1395958/story01.htm</feedburner:origLink></item><item><title>'Mommy Is Sleeping': 5-Year-Old On Street Leads Police To Dead Mother</title><link>http://feedproxy.google.com/~r/NdtvNews-TopStories/~3/_GIyiK_se5E/story01.htm</link><description>Worcester District Attorney Joseph Early told reporters that the "bright little girl" led officers to the house, where they found her father, 42-year-old Michael Sugarman, who was still alive and is e...&lt;br clear='all'/&gt;&lt;br/&gt;&lt;br/&gt;&lt;a href="http://rc.feedsportal.com/r/258280678173/u/49/f/606695/c/33805/s/4ef7d3bc/sc/38/rc/1/rc.htm" rel="nofollow"&gt;&lt;img src="http://rc.feedsportal.com/r/258280678173/u/49/f/606695/c/33805/s/4ef7d3bc/sc/38/rc/1/rc.img" border="0"/&gt;&lt;/a&gt;&lt;br/&gt;&lt;br/&gt;&lt;a href="http://rc.feedsportal.com/r/258280678173/u/49/f/606695/c/33805/s/4ef7d3bc/sc/38/rc/2/rc.htm" rel="nofollow"&gt;&lt;img src="http://rc.feedsportal.com/r/258280678173/u/49/f/606695/c/33805/s/4ef7d3bc/sc/38/rc/2/rc.img" border="0"/&gt;&lt;/a&gt;&lt;br/&gt;&lt;br/&gt;&lt;a href="http://rc.feedsportal.com/r/258280678173/u/49/f/606695/c/33805/s/4ef7d3bc/sc/38/rc/3/rc.htm" rel="nofollow"&gt;&lt;img src="http://rc.feedsportal.com/r/258280678173/u/49/f/606695/c/33805/s/4ef7d3bc/sc/38/rc/3/rc.img" border="0"/&gt;&lt;/a&gt;&lt;br/&gt;&lt;br/&gt;&lt;a href="http://da.feedsportal.com/r/258280678173/u/49/f/606695/c/33805/s/4ef7d3bc/sc/38/a2.htm"&gt;&lt;img src="http://da.feedsportal.com/r/258280678173/u/49/f/606695/c/33805/s/4ef7d3bc/sc/38/a2.img" border="0"/&gt;&lt;/a&gt;&lt;img width="1" height="1" src="http://pi.feedsportal.com/r/258280678173/u/49/f/606695/c/33805/s/4ef7d3bc/sc/38/a2t.img" border="0"/&gt;&lt;img width='1' height='1' src='http://ndtv.com.feedsportal.com/c/33805/f/606695/s/4ef7d3bc/sc/38/mf.gif' border='0'/&gt;&lt;img src="http://feeds.feedburner.com/~r/NdtvNews-TopStories/~4/_GIyiK_se5E" height="1" width="1" alt=""/&gt;</description><category domain="">world-news</category><pubDate>Fri, 15 Apr 2016 15:07:28 GMT</pubDate><guid isPermaLink="false">1395972</guid><feedburner:origLink>http://ndtv.com.feedsportal.com/c/33805/f/606695/s/4ef7d3bc/sc/38/l/0L0Sndtv0N0Cworld0Enews0Cmommy0Eis0Esleeping0E50Eyear0Eold0Eon0Estreet0Eleads0Epolice0Eto0Edead0Emother0E1395972/story01.htm</feedburner:origLink></item><item><title>IPL 2016: Final Likely to be Held in Bengaluru, RPS Prefer Vizag</title><link>http://feedproxy.google.com/~r/NdtvNews-TopStories/~3/Qhrzn2CY7tM/story01.htm</link><description>Bengaluru could host the final and the first qualifier of the Indian Premier League while the second qualifier and eliminator could be shifted to Kolkata.&lt;br clear='all'/&gt;&lt;br/&gt;&lt;br/&gt;&lt;a href="http://rc.feedsportal.com/r/258280648200/u/49/f/606695/c/33805/s/4ef76de4/sc/13/rc/1/rc.htm" rel="nofollow"&gt;&lt;img src="http://rc.feedsportal.com/r/258280648200/u/49/f/606695/c/33805/s/4ef76de4/sc/13/rc/1/rc.img" border="0"/&gt;&lt;/a&gt;&lt;br/&gt;&lt;br/&gt;&lt;a href="http://rc.feedsportal.com/r/258280648200/u/49/f/606695/c/33805/s/4ef76de4/sc/13/rc/2/rc.htm" rel="nofollow"&gt;&lt;img src="http://rc.feedsportal.com/r/258280648200/u/49/f/606695/c/33805/s/4ef76de4/sc/13/rc/2/rc.img" border="0"/&gt;&lt;/a&gt;&lt;br/&gt;&lt;br/&gt;&lt;a href="http://rc.feedsportal.com/r/258280648200/u/49/f/606695/c/33805/s/4ef76de4/sc/13/rc/3/rc.htm" rel="nofollow"&gt;&lt;img src="http://rc.feedsportal.com/r/258280648200/u/49/f/606695/c/33805/s/4ef76de4/sc/13/rc/3/rc.img" border="0"/&gt;&lt;/a&gt;&lt;br/&gt;&lt;br/&gt;&lt;a href="http://da.feedsportal.com/r/258280648200/u/49/f/606695/c/33805/s/4ef76de4/sc/13/a2.htm"&gt;&lt;img src="http://da.feedsportal.com/r/258280648200/u/49/f/606695/c/33805/s/4ef76de4/sc/13/a2.img" border="0"/&gt;&lt;/a&gt;&lt;img width="1" height="1" src="http://pi.feedsportal.com/r/258280648200/u/49/f/606695/c/33805/s/4ef76de4/sc/13/a2t.img" border="0"/&gt;&lt;img width='1' height='1' src='http://ndtv.com.feedsportal.com/c/33805/f/606695/s/4ef76de4/sc/13/mf.gif' border='0'/&gt;&lt;img src="http://feeds.feedburner.com/~r/NdtvNews-TopStories/~4/Qhrzn2CY7tM" height="1" width="1" alt=""/&gt;</description><category domain="">cricket</category><pubDate>Fri, 15 Apr 2016 14:16:31 GMT</pubDate><guid isPermaLink="false">257496</guid><feedburner:origLink>http://ndtv.com.feedsportal.com/c/33805/f/606695/s/4ef76de4/sc/13/l/0Lsports0Bndtv0N0Carticle0C257496/story01.htm</feedburner:origLink></item><item><title>Shilpa Shinde to Sue Producer; New Angoori Bhabi May Have Been Found</title><link>http://feedproxy.google.com/~r/NdtvNews-TopStories/~3/K5cCq0MkpJg/story01.htm</link><description>In March, Shilpa Shinde quit the show alleging that the makers "mentally tortured" her.&lt;br clear='all'/&gt;&lt;br/&gt;&lt;br/&gt;&lt;a href="http://rc.feedsportal.com/r/258280648199/u/49/f/606695/c/33805/s/4ef76de7/sc/13/rc/1/rc.htm" rel="nofollow"&gt;&lt;img src="http://rc.feedsportal.com/r/258280648199/u/49/f/606695/c/33805/s/4ef76de7/sc/13/rc/1/rc.img" border="0"/&gt;&lt;/a&gt;&lt;br/&gt;&lt;br/&gt;&lt;a href="http://rc.feedsportal.com/r/258280648199/u/49/f/606695/c/33805/s/4ef76de7/sc/13/rc/2/rc.htm" rel="nofollow"&gt;&lt;img src="http://rc.feedsportal.com/r/258280648199/u/49/f/606695/c/33805/s/4ef76de7/sc/13/rc/2/rc.img" border="0"/&gt;&lt;/a&gt;&lt;br/&gt;&lt;br/&gt;&lt;a href="http://rc.feedsportal.com/r/258280648199/u/49/f/606695/c/33805/s/4ef76de7/sc/13/rc/3/rc.htm" rel="nofollow"&gt;&lt;img src="http://rc.feedsportal.com/r/258280648199/u/49/f/606695/c/33805/s/4ef76de7/sc/13/rc/3/rc.img" border="0"/&gt;&lt;/a&gt;&lt;br/&gt;&lt;br/&gt;&lt;a href="http://da.feedsportal.com/r/258280648199/u/49/f/606695/c/33805/s/4ef76de7/sc/13/a2.htm"&gt;&lt;img src="http://da.feedsportal.com/r/258280648199/u/49/f/606695/c/33805/s/4ef76de7/sc/13/a2.img" border="0"/&gt;&lt;/a&gt;&lt;img width="1" height="1" src="http://pi.feedsportal.com/r/258280648199/u/49/f/606695/c/33805/s/4ef76de7/sc/13/a2t.img" border="0"/&gt;&lt;img width='1' height='1' src='http://ndtv.com.feedsportal.com/c/33805/f/606695/s/4ef76de7/sc/13/mf.gif' border='0'/&gt;&lt;img src="http://feeds.feedburner.com/~r/NdtvNews-TopStories/~4/K5cCq0MkpJg" height="1" width="1" alt=""/&gt;</description><category domain="">movies</category><pubDate>Fri, 15 Apr 2016 13:52:30 GMT</pubDate><guid isPermaLink="false">1395944</guid><feedburner:origLink>http://ndtv.com.feedsportal.com/c/33805/f/606695/s/4ef76de7/sc/13/l/0Lmovies0Bndtv0N0Ctelevision0Cshilpa0Eshinde0Eto0Esue0Eproducer0Enew0Eangoori0Ebhabi0Emay0Ehave0Ebeen0Efound0E1395944/story01.htm</feedburner:origLink></item><item><title>Did Pak Secretly Fund One Of The Worst Days In CIA's History?</title><link>http://feedproxy.google.com/~r/NdtvNews-TopStories/~3/jyrzyNap29M/story01.htm</link><description>The document, marked "secret" and still heavily redacted, makes a startling claim: The Pakistan government helped fund a suicide bombing in Afghanistan in 2009 that became the bloodiest attack on the ...&lt;br clear='all'/&gt;&lt;br/&gt;&lt;br/&gt;&lt;a href="http://rc.feedsportal.com/r/258280646312/u/49/f/606695/c/33805/s/4ef73ed5/sc/13/rc/1/rc.htm" rel="nofollow"&gt;&lt;img src="http://rc.feedsportal.com/r/258280646312/u/49/f/606695/c/33805/s/4ef73ed5/sc/13/rc/1/rc.img" border="0"/&gt;&lt;/a&gt;&lt;br/&gt;&lt;br/&gt;&lt;a href="http://rc.feedsportal.com/r/258280646312/u/49/f/606695/c/33805/s/4ef73ed5/sc/13/rc/2/rc.htm" rel="nofollow"&gt;&lt;img src="http://rc.feedsportal.com/r/258280646312/u/49/f/606695/c/33805/s/4ef73ed5/sc/13/rc/2/rc.img" border="0"/&gt;&lt;/a&gt;&lt;br/&gt;&lt;br/&gt;&lt;a href="http://rc.feedsportal.com/r/258280646312/u/49/f/606695/c/33805/s/4ef73ed5/sc/13/rc/3/rc.htm" rel="nofollow"&gt;&lt;img src="http://rc.feedsportal.com/r/258280646312/u/49/f/606695/c/33805/s/4ef73ed5/sc/13/rc/3/rc.img" border="0"/&gt;&lt;/a&gt;&lt;br/&gt;&lt;br/&gt;&lt;a href="http://da.feedsportal.com/r/258280646312/u/49/f/606695/c/33805/s/4ef73ed5/sc/13/a2.htm"&gt;&lt;img src="http://da.feedsportal.com/r/258280646312/u/49/f/606695/c/33805/s/4ef73ed5/sc/13/a2.img" border="0"/&gt;&lt;/a&gt;&lt;img width="1" height="1" src="http://pi.feedsportal.com/r/258280646312/u/49/f/606695/c/33805/s/4ef73ed5/sc/13/a2t.img" border="0"/&gt;&lt;img width='1' height='1' src='http://ndtv.com.feedsportal.com/c/33805/f/606695/s/4ef73ed5/sc/13/mf.gif' border='0'/&gt;&lt;img src="http://feeds.feedburner.com/~r/NdtvNews-TopStories/~4/jyrzyNap29M" height="1" width="1" alt=""/&gt;</description><category domain="">world-news</category><pubDate>Fri, 15 Apr 2016 13:51:10 GMT</pubDate><guid isPermaLink="false">1395948</guid><feedburner:origLink>http://ndtv.com.feedsportal.com/c/33805/f/606695/s/4ef73ed5/sc/13/l/0L0Sndtv0N0Cworld0Enews0Cdid0Epakistan0Esecretly0Efund0Ean0Eattack0Eon0Ecia0Eofficers0Ein0E20A0A90Ememo0Emakes0Econtroversial0Eclaim0E1395948/story01.htm</feedburner:origLink></item><item><title>Petrol Price Cut By 74 Paise/Litre; Diesel Down By Rs 1.30/Litre</title><link>http://feedproxy.google.com/~r/NdtvNews-TopStories/~3/F7luHwLnElc/story01.htm</link><description>Post the revision, petrol will retail at Rs 61.13 per litre in Delhi, while diesel will cost Rs 58.38 per litre.&lt;br clear='all'/&gt;&lt;br/&gt;&lt;br/&gt;&lt;a href="http://rc.feedsportal.com/r/258280644379/u/49/f/606695/c/33805/s/4ef735cc/sc/28/rc/1/rc.htm" rel="nofollow"&gt;&lt;img src="http://rc.feedsportal.com/r/258280644379/u/49/f/606695/c/33805/s/4ef735cc/sc/28/rc/1/rc.img" border="0"/&gt;&lt;/a&gt;&lt;br/&gt;&lt;br/&gt;&lt;a href="http://rc.feedsportal.com/r/258280644379/u/49/f/606695/c/33805/s/4ef735cc/sc/28/rc/2/rc.htm" rel="nofollow"&gt;&lt;img src="http://rc.feedsportal.com/r/258280644379/u/49/f/606695/c/33805/s/4ef735cc/sc/28/rc/2/rc.img" border="0"/&gt;&lt;/a&gt;&lt;br/&gt;&lt;br/&gt;&lt;a href="http://rc.feedsportal.com/r/258280644379/u/49/f/606695/c/33805/s/4ef735cc/sc/28/rc/3/rc.htm" rel="nofollow"&gt;&lt;img src="http://rc.feedsportal.com/r/258280644379/u/49/f/606695/c/33805/s/4ef735cc/sc/28/rc/3/rc.img" border="0"/&gt;&lt;/a&gt;&lt;br/&gt;&lt;br/&gt;&lt;a href="http://da.feedsportal.com/r/258280644379/u/49/f/606695/c/33805/s/4ef735cc/sc/28/a2.htm"&gt;&lt;img src="http://da.feedsportal.com/r/258280644379/u/49/f/606695/c/33805/s/4ef735cc/sc/28/a2.img" border="0"/&gt;&lt;/a&gt;&lt;img width="1" height="1" src="http://pi.feedsportal.com/r/258280644379/u/49/f/606695/c/33805/s/4ef735cc/sc/28/a2t.img" border="0"/&gt;&lt;img width='1' height='1' src='http://ndtv.com.feedsportal.com/c/33805/f/606695/s/4ef735cc/sc/28/mf.gif' border='0'/&gt;&lt;img src="http://feeds.feedburner.com/~r/NdtvNews-TopStories/~4/F7luHwLnElc" height="1" width="1" alt=""/&gt;</description><category domain="">profit</category><pubDate>Fri, 15 Apr 2016 13:49:31 GMT</pubDate><guid isPermaLink="false">1292525</guid><feedburner:origLink>http://ndtv.com.feedsportal.com/c/33805/f/606695/s/4ef735cc/sc/28/l/0Lprofit0Bndtv0N0Cnews0Ceconomy0Carticle0Epetrol0Ediesel0Eprices0E1292525/story01.htm</feedburner:origLink></item><item><title>These Hospitals Are Doing Something Shocking: Giving Refunds To Unhappy Patients</title><link>http://feedproxy.google.com/~r/NdtvNews-TopStories/~3/iqxsNg7YmXw/story01.htm</link><description>At Geisinger Health System in Pennsylvania, hospital officials want to keep their customers happy. So when patients are upset about a long wait in the emergency department, or a doctor's brusque manne...&lt;br clear='all'/&gt;&lt;br/&gt;&lt;br/&gt;&lt;a href="http://rc.feedsportal.com/r/258280644377/u/49/f/606695/c/33805/s/4ef735c6/sc/38/rc/1/rc.htm" rel="nofollow"&gt;&lt;img src="http://rc.feedsportal.com/r/258280644377/u/49/f/606695/c/33805/s/4ef735c6/sc/38/rc/1/rc.img" border="0"/&gt;&lt;/a&gt;&lt;br/&gt;&lt;br/&gt;&lt;a href="http://rc.feedsportal.com/r/258280644377/u/49/f/606695/c/33805/s/4ef735c6/sc/38/rc/2/rc.htm" rel="nofollow"&gt;&lt;img src="http://rc.feedsportal.com/r/258280644377/u/49/f/606695/c/33805/s/4ef735c6/sc/38/rc/2/rc.img" border="0"/&gt;&lt;/a&gt;&lt;br/&gt;&lt;br/&gt;&lt;a href="http://rc.feedsportal.com/r/258280644377/u/49/f/606695/c/33805/s/4ef735c6/sc/38/rc/3/rc.htm" rel="nofollow"&gt;&lt;img src="http://rc.feedsportal.com/r/258280644377/u/49/f/606695/c/33805/s/4ef735c6/sc/38/rc/3/rc.img" border="0"/&gt;&lt;/a&gt;&lt;br/&gt;&lt;br/&gt;&lt;a href="http://da.feedsportal.com/r/258280644377/u/49/f/606695/c/33805/s/4ef735c6/sc/38/a2.htm"&gt;&lt;img src="http://da.feedsportal.com/r/258280644377/u/49/f/606695/c/33805/s/4ef735c6/sc/38/a2.img" border="0"/&gt;&lt;/a&gt;&lt;img width="1" height="1" src="http://pi.feedsportal.com/r/258280644377/u/49/f/606695/c/33805/s/4ef735c6/sc/38/a2t.img" border="0"/&gt;&lt;img width='1' height='1' src='http://ndtv.com.feedsportal.com/c/33805/f/606695/s/4ef735c6/sc/38/mf.gif' border='0'/&gt;&lt;img src="http://feeds.feedburner.com/~r/NdtvNews-TopStories/~4/iqxsNg7YmXw" height="1" width="1" alt=""/&gt;</description><category domain="">world-news</category><pubDate>Fri, 15 Apr 2016 13:36:22 GMT</pubDate><guid isPermaLink="false">1395942</guid><feedburner:origLink>http://ndtv.com.feedsportal.com/c/33805/f/606695/s/4ef735c6/sc/38/l/0L0Sndtv0N0Cworld0Enews0Cthese0Ehospitals0Eare0Edoing0Esomething0Eshocking0Egiving0Erefunds0Eto0Eunhappy0Epatients0E1395942/story01.htm</feedburner:origLink></item><item><title>Infosys Gives Wage Hike Of 6-12%; Top Performers To Get Equity</title><link>http://feedproxy.google.com/~r/NdtvNews-TopStories/~3/NPLbBO7BP3Y/story01.htm</link><description>Infosys on Friday said it has given a wage hikes of 6-12 per cent to its employees in India and of about 2 per cent to onsite workers.&lt;br clear='all'/&gt;&lt;br/&gt;&lt;br/&gt;&lt;a href="http://rc.feedsportal.com/r/247398079654/u/49/f/606695/c/33805/s/4ef78757/sc/28/rc/1/rc.htm" rel="nofollow"&gt;&lt;img src="http://rc.feedsportal.com/r/247398079654/u/49/f/606695/c/33805/s/4ef78757/sc/28/rc/1/rc.img" border="0"/&gt;&lt;/a&gt;&lt;br/&gt;&lt;br/&gt;&lt;a href="http://rc.feedsportal.com/r/247398079654/u/49/f/606695/c/33805/s/4ef78757/sc/28/rc/2/rc.htm" rel="nofollow"&gt;&lt;img src="http://rc.feedsportal.com/r/247398079654/u/49/f/606695/c/33805/s/4ef78757/sc/28/rc/2/rc.img" border="0"/&gt;&lt;/a&gt;&lt;br/&gt;&lt;br/&gt;&lt;a href="http://rc.feedsportal.com/r/247398079654/u/49/f/606695/c/33805/s/4ef78757/sc/28/rc/3/rc.htm" rel="nofollow"&gt;&lt;img src="http://rc.feedsportal.com/r/247398079654/u/49/f/606695/c/33805/s/4ef78757/sc/28/rc/3/rc.img" border="0"/&gt;&lt;/a&gt;&lt;br/&gt;&lt;br/&gt;&lt;a href="http://da.feedsportal.com/r/247398079654/u/49/f/606695/c/33805/s/4ef78757/sc/28/a2.htm"&gt;&lt;img src="http://da.feedsportal.com/r/247398079654/u/49/f/606695/c/33805/s/4ef78757/sc/28/a2.img" border="0"/&gt;&lt;/a&gt;&lt;img width="1" height="1" src="http://pi.feedsportal.com/r/247398079654/u/49/f/606695/c/33805/s/4ef78757/sc/28/a2t.img" border="0"/&gt;&lt;img width='1' height='1' src='http://ndtv.com.feedsportal.com/c/33805/f/606695/s/4ef78757/sc/28/mf.gif' border='0'/&gt;&lt;img src="http://feeds.feedburner.com/~r/NdtvNews-TopStories/~4/NPLbBO7BP3Y" height="1" width="1" alt=""/&gt;</description><category domain="">profit</category><pubDate>Fri, 15 Apr 2016 13:35:35 GMT</pubDate><guid isPermaLink="false">1395941</guid><feedburner:origLink>http://ndtv.com.feedsportal.com/c/33805/f/606695/s/4ef78757/sc/28/l/0Lprofit0Bndtv0N0Cnews0Ccorporates0Carticle0Einfosys0Egives0Ewage0Ehike0Eof0E60E120Etop0Eperformers0Eto0Eget0Eequity0E1395941/story01.htm</feedburner:origLink></item><item><title>Delhi, You Can Do Better. 500 Cars Fined In First 5 Hours Of Odd-Even</title><link>http://feedproxy.google.com/~r/NdtvNews-TopStories/~3/AiIMymmyYjg/story01.htm</link><description>Delhi has begun its second attempt at following traffic restrictions to reduce air pollution. In the first five hours of the new "odd-even" scheme, 500 cars had been penalised Rs 2,000 each for violat...&lt;br clear='all'/&gt;&lt;br/&gt;&lt;br/&gt;&lt;a href="http://rc.feedsportal.com/r/258280621822/u/49/f/606695/c/33805/s/4ef6030e/sc/23/rc/1/rc.htm" rel="nofollow"&gt;&lt;img src="http://rc.feedsportal.com/r/258280621822/u/49/f/606695/c/33805/s/4ef6030e/sc/23/rc/1/rc.img" border="0"/&gt;&lt;/a&gt;&lt;br/&gt;&lt;br/&gt;&lt;a href="http://rc.feedsportal.com/r/258280621822/u/49/f/606695/c/33805/s/4ef6030e/sc/23/rc/2/rc.htm" rel="nofollow"&gt;&lt;img src="http://rc.feedsportal.com/r/258280621822/u/49/f/606695/c/33805/s/4ef6030e/sc/23/rc/2/rc.img" border="0"/&gt;&lt;/a&gt;&lt;br/&gt;&lt;br/&gt;&lt;a href="http://rc.feedsportal.com/r/258280621822/u/49/f/606695/c/33805/s/4ef6030e/sc/23/rc/3/rc.htm" rel="nofollow"&gt;&lt;img src="http://rc.feedsportal.com/r/258280621822/u/49/f/606695/c/33805/s/4ef6030e/sc/23/rc/3/rc.img" border="0"/&gt;&lt;/a&gt;&lt;br/&gt;&lt;br/&gt;&lt;a href="http://da.feedsportal.com/r/258280621822/u/49/f/606695/c/33805/s/4ef6030e/sc/23/a2.htm"&gt;&lt;img src="http://da.feedsportal.com/r/258280621822/u/49/f/606695/c/33805/s/4ef6030e/sc/23/a2.img" border="0"/&gt;&lt;/a&gt;&lt;img width="1" height="1" src="http://pi.feedsportal.com/r/258280621822/u/49/f/606695/c/33805/s/4ef6030e/sc/23/a2t.img" border="0"/&gt;&lt;img width='1' height='1' src='http://ndtv.com.feedsportal.com/c/33805/f/606695/s/4ef6030e/sc/23/mf.gif' border='0'/&gt;&lt;img src="http://feeds.feedburner.com/~r/NdtvNews-TopStories/~4/AiIMymmyYjg" height="1" width="1" alt=""/&gt;</description><category domain="">delhi-news</category><pubDate>Fri, 15 Apr 2016 13:02:04 GMT</pubDate><guid isPermaLink="false">1395856</guid><feedburner:origLink>http://ndtv.com.feedsportal.com/c/33805/f/606695/s/4ef6030e/sc/23/l/0L0Sndtv0N0Cdelhi0Enews0Cdelhi0Eyou0Ecan0Edo0Ebetter0E50A0A0Ecars0Efined0Ein0Efirst0E50Ehours0Eof0Eodd0Eeven0E1395856/story01.htm</feedburner:origLink></item><item><title>Vijay Mallya's Diplomatic Passport Suspended For 4 Weeks</title><link>http://feedproxy.google.com/~r/NdtvNews-TopStories/~3/FT9JKZkQidU/story01.htm</link><description>India has suspended the passport of billionaire Vijay Mallya, who is in the UK at a time when banks are struggling to recover nearly a billion dollars owed by his Kingfisher Airlines.&lt;br clear='all'/&gt;&lt;br/&gt;&lt;br/&gt;&lt;a href="http://rc.feedsportal.com/r/258280625491/u/49/f/606695/c/33805/s/4ef64c98/sc/24/rc/1/rc.htm" rel="nofollow"&gt;&lt;img src="http://rc.feedsportal.com/r/258280625491/u/49/f/606695/c/33805/s/4ef64c98/sc/24/rc/1/rc.img" border="0"/&gt;&lt;/a&gt;&lt;br/&gt;&lt;br/&gt;&lt;a href="http://rc.feedsportal.com/r/258280625491/u/49/f/606695/c/33805/s/4ef64c98/sc/24/rc/2/rc.htm" rel="nofollow"&gt;&lt;img src="http://rc.feedsportal.com/r/258280625491/u/49/f/606695/c/33805/s/4ef64c98/sc/24/rc/2/rc.img" border="0"/&gt;&lt;/a&gt;&lt;br/&gt;&lt;br/&gt;&lt;a href="http://rc.feedsportal.com/r/258280625491/u/49/f/606695/c/33805/s/4ef64c98/sc/24/rc/3/rc.htm" rel="nofollow"&gt;&lt;img src="http://rc.feedsportal.com/r/258280625491/u/49/f/606695/c/33805/s/4ef64c98/sc/24/rc/3/rc.img" border="0"/&gt;&lt;/a&gt;&lt;br/&gt;&lt;br/&gt;&lt;a href="http://da.feedsportal.com/r/258280625491/u/49/f/606695/c/33805/s/4ef64c98/sc/24/a2.htm"&gt;&lt;img src="http://da.feedsportal.com/r/258280625491/u/49/f/606695/c/33805/s/4ef64c98/sc/24/a2.img" border="0"/&gt;&lt;/a&gt;&lt;img width="1" height="1" src="http://pi.feedsportal.com/r/258280625491/u/49/f/606695/c/33805/s/4ef64c98/sc/24/a2t.img" border="0"/&gt;&lt;img width='1' height='1' src='http://ndtv.com.feedsportal.com/c/33805/f/606695/s/4ef64c98/sc/24/mf.gif' border='0'/&gt;&lt;img src="http://feeds.feedburner.com/~r/NdtvNews-TopStories/~4/FT9JKZkQidU" height="1" width="1" alt=""/&gt;</description><category domain="">india-news</category><pubDate>Fri, 15 Apr 2016 12:37:26 GMT</pubDate><guid isPermaLink="false">1395873</guid><feedburner:origLink>http://ndtv.com.feedsportal.com/c/33805/f/606695/s/4ef64c98/sc/24/l/0L0Sndtv0N0Cindia0Enews0Cvijay0Emallyas0Epassport0Esuspended0Eby0Egovernment0E1395873/story01.htm</feedburner:origLink></item><item><title>New Controversy And A Message From Delhi For Karnataka Chief Minister</title><link>http://feedproxy.google.com/~r/NdtvNews-TopStories/~3/XDET9b8BiiE/story01.htm</link><description>The Congress has sent a strong hint to Siddaramaiah, its chief minister in Karnataka, that his son should quit as director of a company that has won a government contract. The opposition alleges the c...&lt;br clear='all'/&gt;&lt;br/&gt;&lt;br/&gt;&lt;a href="http://rc.feedsportal.com/r/258280634326/u/49/f/606695/c/33805/s/4ef6bea2/sc/13/rc/1/rc.htm" rel="nofollow"&gt;&lt;img src="http://rc.feedsportal.com/r/258280634326/u/49/f/606695/c/33805/s/4ef6bea2/sc/13/rc/1/rc.img" border="0"/&gt;&lt;/a&gt;&lt;br/&gt;&lt;br/&gt;&lt;a href="http://rc.feedsportal.com/r/258280634326/u/49/f/606695/c/33805/s/4ef6bea2/sc/13/rc/2/rc.htm" rel="nofollow"&gt;&lt;img src="http://rc.feedsportal.com/r/258280634326/u/49/f/606695/c/33805/s/4ef6bea2/sc/13/rc/2/rc.img" border="0"/&gt;&lt;/a&gt;&lt;br/&gt;&lt;br/&gt;&lt;a href="http://rc.feedsportal.com/r/258280634326/u/49/f/606695/c/33805/s/4ef6bea2/sc/13/rc/3/rc.htm" rel="nofollow"&gt;&lt;img src="http://rc.feedsportal.com/r/258280634326/u/49/f/606695/c/33805/s/4ef6bea2/sc/13/rc/3/rc.img" border="0"/&gt;&lt;/a&gt;&lt;br/&gt;&lt;br/&gt;&lt;a href="http://da.feedsportal.com/r/258280634326/u/49/f/606695/c/33805/s/4ef6bea2/sc/13/a2.htm"&gt;&lt;img src="http://da.feedsportal.com/r/258280634326/u/49/f/606695/c/33805/s/4ef6bea2/sc/13/a2.img" border="0"/&gt;&lt;/a&gt;&lt;img width="1" height="1" src="http://pi.feedsportal.com/r/258280634326/u/49/f/606695/c/33805/s/4ef6bea2/sc/13/a2t.img" border="0"/&gt;&lt;img width='1' height='1' src='http://ndtv.com.feedsportal.com/c/33805/f/606695/s/4ef6bea2/sc/13/mf.gif' border='0'/&gt;&lt;img src="http://feeds.feedburner.com/~r/NdtvNews-TopStories/~4/XDET9b8BiiE" height="1" width="1" alt=""/&gt;</description><category domain="">karnataka-news</category><pubDate>Fri, 15 Apr 2016 12:30:32 GMT</pubDate><guid isPermaLink="false">1395904</guid><feedburner:origLink>http://ndtv.com.feedsportal.com/c/33805/f/606695/s/4ef6bea2/sc/13/l/0L0Sndtv0N0Ckarnataka0Enews0Cnew0Econtroversy0Eand0Ea0Emessage0Efrom0Edelhi0Efor0Ekarnataka0Echief0Eminister0E139590A4/story01.htm</feedburner:origLink></item><item><title>We Are Seeing Running Water After 2 Years, Say Drought-Seared Women</title><link>http://feedproxy.google.com/~r/NdtvNews-TopStories/~3/JfkohMolkVk/story01.htm</link><description>Anasuya Chavan has not seen her family or her own home in more than two weeks. Like 400 other men and women who have left villages driven into the ground by drought, she has moved into a temporary cam...&lt;br clear='all'/&gt;&lt;br/&gt;&lt;br/&gt;&lt;a href="http://rc.feedsportal.com/r/247398061779/u/49/f/606695/c/33805/s/4ef6a14c/sc/38/rc/1/rc.htm" rel="nofollow"&gt;&lt;img src="http://rc.feedsportal.com/r/247398061779/u/49/f/606695/c/33805/s/4ef6a14c/sc/38/rc/1/rc.img" border="0"/&gt;&lt;/a&gt;&lt;br/&gt;&lt;br/&gt;&lt;a href="http://rc.feedsportal.com/r/247398061779/u/49/f/606695/c/33805/s/4ef6a14c/sc/38/rc/2/rc.htm" rel="nofollow"&gt;&lt;img src="http://rc.feedsportal.com/r/247398061779/u/49/f/606695/c/33805/s/4ef6a14c/sc/38/rc/2/rc.img" border="0"/&gt;&lt;/a&gt;&lt;br/&gt;&lt;br/&gt;&lt;a href="http://rc.feedsportal.com/r/247398061779/u/49/f/606695/c/33805/s/4ef6a14c/sc/38/rc/3/rc.htm" rel="nofollow"&gt;&lt;img src="http://rc.feedsportal.com/r/247398061779/u/49/f/606695/c/33805/s/4ef6a14c/sc/38/rc/3/rc.img" border="0"/&gt;&lt;/a&gt;&lt;br/&gt;&lt;br/&gt;&lt;a href="http://da.feedsportal.com/r/247398061779/u/49/f/606695/c/33805/s/4ef6a14c/sc/38/a2.htm"&gt;&lt;img src="http://da.feedsportal.com/r/247398061779/u/49/f/606695/c/33805/s/4ef6a14c/sc/38/a2.img" border="0"/&gt;&lt;/a&gt;&lt;img width="1" height="1" src="http://pi.feedsportal.com/r/247398061779/u/49/f/606695/c/33805/s/4ef6a14c/sc/38/a2t.img" border="0"/&gt;&lt;img width='1' height='1' src='http://ndtv.com.feedsportal.com/c/33805/f/606695/s/4ef6a14c/sc/38/mf.gif' border='0'/&gt;&lt;img src="http://feeds.feedburner.com/~r/NdtvNews-TopStories/~4/JfkohMolkVk" height="1" width="1" alt=""/&gt;</description><category domain="">features</category><pubDate>Fri, 15 Apr 2016 11:58:00 GMT</pubDate><guid isPermaLink="false">2192</guid><feedburner:origLink>http://ndtv.com.feedsportal.com/c/33805/f/606695/s/4ef6a14c/sc/38/l/0Leverylifecounts0Bndtv0N0Cdrought0Ebrought0Ethese0Ewomen0Eto0Emumbai0Efirst0Ework0Ethen0Ewater0Ethey0Esay0E2192/story01.htm</feedburner:origLink></item><item><title>How Do You Stop Online Harassment? Try Banning the Men</title><link>http://feedproxy.google.com/~r/NdtvNews-TopStories/~3/aaxqNVfzfLw/story01.htm</link><description>Private women's forums are - to be clear - as old as the Internet itself.&lt;br clear='all'/&gt;&lt;br/&gt;&lt;br/&gt;&lt;a href="http://rc.feedsportal.com/r/247398070413/u/49/f/606695/c/33805/s/4ef712e9/sc/13/rc/1/rc.htm" rel="nofollow"&gt;&lt;img src="http://rc.feedsportal.com/r/247398070413/u/49/f/606695/c/33805/s/4ef712e9/sc/13/rc/1/rc.img" border="0"/&gt;&lt;/a&gt;&lt;br/&gt;&lt;br/&gt;&lt;a href="http://rc.feedsportal.com/r/247398070413/u/49/f/606695/c/33805/s/4ef712e9/sc/13/rc/2/rc.htm" rel="nofollow"&gt;&lt;img src="http://rc.feedsportal.com/r/247398070413/u/49/f/606695/c/33805/s/4ef712e9/sc/13/rc/2/rc.img" border="0"/&gt;&lt;/a&gt;&lt;br/&gt;&lt;br/&gt;&lt;a href="http://rc.feedsportal.com/r/247398070413/u/49/f/606695/c/33805/s/4ef712e9/sc/13/rc/3/rc.htm" rel="nofollow"&gt;&lt;img src="http://rc.feedsportal.com/r/247398070413/u/49/f/606695/c/33805/s/4ef712e9/sc/13/rc/3/rc.img" border="0"/&gt;&lt;/a&gt;&lt;br/&gt;&lt;br/&gt;&lt;a href="http://da.feedsportal.com/r/247398070413/u/49/f/606695/c/33805/s/4ef712e9/sc/13/a2.htm"&gt;&lt;img src="http://da.feedsportal.com/r/247398070413/u/49/f/606695/c/33805/s/4ef712e9/sc/13/a2.img" border="0"/&gt;&lt;/a&gt;&lt;img width="1" height="1" src="http://pi.feedsportal.com/r/247398070413/u/49/f/606695/c/33805/s/4ef712e9/sc/13/a2t.img" border="0"/&gt;&lt;img width='1' height='1' src='http://ndtv.com.feedsportal.com/c/33805/f/606695/s/4ef712e9/sc/13/mf.gif' border='0'/&gt;&lt;img src="http://feeds.feedburner.com/~r/NdtvNews-TopStories/~4/aaxqNVfzfLw" height="1" width="1" alt=""/&gt;</description><category domain="">gadgets</category><pubDate>Fri, 15 Apr 2016 11:15:48 GMT</pubDate><guid isPermaLink="false">826164</guid><feedburner:origLink>http://ndtv.com.feedsportal.com/c/33805/f/606695/s/4ef712e9/sc/13/l/0Lgadgets0Bndtv0N0Cinternet0Cfeatures0Chow0Edo0Eyou0Estop0Eonline0Eharassment0Etry0Ebanning0Ethe0Emen0E826164/story01.htm</feedburner:origLink></item><item><title>Teamwork Or Torture? Japan's Bone-Breaking Gym Class</title><link>http://feedproxy.google.com/~r/NdtvNews-TopStories/~3/ivU5z3BxSwM/story01.htm</link><description>Rushed in for emergency surgery to stop bleeding on the brain, doctors at Matsudo City Hospital said the child was lucky to be alive. Others have come in with spinal fractures, broken ribs, and shatte...&lt;br clear='all'/&gt;&lt;br/&gt;&lt;br/&gt;&lt;a href="http://rc.feedsportal.com/r/258280659984/u/49/f/606695/c/33805/s/4ef814d1/sc/13/rc/1/rc.htm" rel="nofollow"&gt;&lt;img src="http://rc.feedsportal.com/r/258280659984/u/49/f/606695/c/33805/s/4ef814d1/sc/13/rc/1/rc.img" border="0"/&gt;&lt;/a&gt;&lt;br/&gt;&lt;br/&gt;&lt;a href="http://rc.feedsportal.com/r/258280659984/u/49/f/606695/c/33805/s/4ef814d1/sc/13/rc/2/rc.htm" rel="nofollow"&gt;&lt;img src="http://rc.feedsportal.com/r/258280659984/u/49/f/606695/c/33805/s/4ef814d1/sc/13/rc/2/rc.img" border="0"/&gt;&lt;/a&gt;&lt;br/&gt;&lt;br/&gt;&lt;a href="http://rc.feedsportal.com/r/258280659984/u/49/f/606695/c/33805/s/4ef814d1/sc/13/rc/3/rc.htm" rel="nofollow"&gt;&lt;img src="http://rc.feedsportal.com/r/258280659984/u/49/f/606695/c/33805/s/4ef814d1/sc/13/rc/3/rc.img" border="0"/&gt;&lt;/a&gt;&lt;br/&gt;&lt;br/&gt;&lt;a href="http://da.feedsportal.com/r/258280659984/u/49/f/606695/c/33805/s/4ef814d1/sc/13/a2.htm"&gt;&lt;img src="http://da.feedsportal.com/r/258280659984/u/49/f/606695/c/33805/s/4ef814d1/sc/13/a2.img" border="0"/&gt;&lt;/a&gt;&lt;img width="1" height="1" src="http://pi.feedsportal.com/r/258280659984/u/49/f/606695/c/33805/s/4ef814d1/sc/13/a2t.img" border="0"/&gt;&lt;img width='1' height='1' src='http://ndtv.com.feedsportal.com/c/33805/f/606695/s/4ef814d1/sc/13/mf.gif' border='0'/&gt;&lt;img src="http://feeds.feedburner.com/~r/NdtvNews-TopStories/~4/ivU5z3BxSwM" height="1" width="1" alt=""/&gt;</description><category domain="">world-news</category><pubDate>Fri, 15 Apr 2016 11:13:19 GMT</pubDate><guid isPermaLink="false">1395881</guid><feedburner:origLink>http://ndtv.com.feedsportal.com/c/33805/f/606695/s/4ef814d1/sc/13/l/0L0Sndtv0N0Cworld0Enews0Cteamwork0Eor0Etorture0Ejapans0Ebone0Ebreaking0Egym0Eclass0E1395881/story01.htm</feedburner:origLink></item><item><title>British Royal Couple Trek To Bhutan's Cliff-Side Monastery</title><link>http://feedproxy.google.com/~r/NdtvNews-TopStories/~3/Mpu8ZslLgrQ/story01.htm</link><description>The Duke and Duchess of Cambridge trekked through blue pine forests to visit a famed Buddhist monastery in Bhutan today during their weeklong tour of South Asia.&lt;br clear='all'/&gt;&lt;br/&gt;&lt;br/&gt;&lt;a href="http://rc.feedsportal.com/r/247398061778/u/49/f/606695/c/33805/s/4ef6a14d/sc/14/rc/1/rc.htm" rel="nofollow"&gt;&lt;img src="http://rc.feedsportal.com/r/247398061778/u/49/f/606695/c/33805/s/4ef6a14d/sc/14/rc/1/rc.img" border="0"/&gt;&lt;/a&gt;&lt;br/&gt;&lt;br/&gt;&lt;a href="http://rc.feedsportal.com/r/247398061778/u/49/f/606695/c/33805/s/4ef6a14d/sc/14/rc/2/rc.htm" rel="nofollow"&gt;&lt;img src="http://rc.feedsportal.com/r/247398061778/u/49/f/606695/c/33805/s/4ef6a14d/sc/14/rc/2/rc.img" border="0"/&gt;&lt;/a&gt;&lt;br/&gt;&lt;br/&gt;&lt;a href="http://rc.feedsportal.com/r/247398061778/u/49/f/606695/c/33805/s/4ef6a14d/sc/14/rc/3/rc.htm" rel="nofollow"&gt;&lt;img src="http://rc.feedsportal.com/r/247398061778/u/49/f/606695/c/33805/s/4ef6a14d/sc/14/rc/3/rc.img" border="0"/&gt;&lt;/a&gt;&lt;br/&gt;&lt;br/&gt;&lt;a href="http://da.feedsportal.com/r/247398061778/u/49/f/606695/c/33805/s/4ef6a14d/sc/14/a2.htm"&gt;&lt;img src="http://da.feedsportal.com/r/247398061778/u/49/f/606695/c/33805/s/4ef6a14d/sc/14/a2.img" border="0"/&gt;&lt;/a&gt;&lt;img width="1" height="1" src="http://pi.feedsportal.com/r/247398061778/u/49/f/606695/c/33805/s/4ef6a14d/sc/14/a2t.img" border="0"/&gt;&lt;img width='1' height='1' src='http://ndtv.com.feedsportal.com/c/33805/f/606695/s/4ef6a14d/sc/14/mf.gif' border='0'/&gt;&lt;img src="http://feeds.feedburner.com/~r/NdtvNews-TopStories/~4/Mpu8ZslLgrQ" height="1" width="1" alt=""/&gt;</description><category domain="">world-news</category><pubDate>Fri, 15 Apr 2016 10:45:11 GMT</pubDate><guid isPermaLink="false">1395864</guid><feedburner:origLink>http://ndtv.com.feedsportal.com/c/33805/f/606695/s/4ef6a14d/sc/14/l/0L0Sndtv0N0Cworld0Enews0Cbritish0Eroyal0Ecouple0Etrek0Eto0Ebhutans0Ecliff0Eside0Emonastery0E1395864/story01.htm</feedburner:origLink></item></channel></rss>
