<?xml version="1.0" encoding="UTF-8"?><rss xmlns:atom="http://www.w3.org/2005/Atom" version="2.0"><channel><atom:link type="application/rss+xml" rel="self" href="http://timesofindia.indiatimes.com/rssfeedstopstories.cms"/><title>Times of India</title><link>http://timesofindia.indiatimes.com</link><description>The Times of India: Breaking news, views, reviews, cricket from across India</description><language>en-gb</language><copyright>Copyright:(C) 2016 Bennett Coleman &amp; Co. Ltd, http://info.indiatimes.com/terms/tou.html</copyright><docs>http://timescontent.com/</docs><image><title>Times of India</title><link>http://timesofindia.indiatimes.com</link><url>http://images.photogallery.indiatimes.com/photo.cms?msid=507610</url></image><item><title>Low visibility hampers IAF ops in Uttarakhand as forest fire spreads</title><description>Low visibility, however, prevented a second chopper from being deployed in Pauri district for the aerial operations in the hill state which commenced as part of efforts to control the fires that has killed seven people and destroyed 2,269 hectares of forested land.</description><link>http://timesofindia.indiatimes.com/india/Uttarakhand-forest-fire-spreads-to-remote-hill-areas-low-visibility-hampers-IAFs-operations/articleshow/52065055.cms</link><guid>http://timesofindia.indiatimes.com/india/Uttarakhand-forest-fire-spreads-to-remote-hill-areas-low-visibility-hampers-IAFs-operations/articleshow/52065055.cms</guid><pubDate>Sun, 01 May 2016 12:51:09 GMT</pubDate></item><item><title>'Kill them': ISIS publishes 'hit list' of 70 US staff</title><description>Islamic State (ISIS) hackers have published a "hit list" of over 70 US military personnel who have been involved in drone strikes against terror targets in Syria and asked their followers to "kill them wherever they are".</description><link>http://timesofindia.indiatimes.com/world/middle-east/Kill-them-wherever-they-are-ISIS-hackers-publish-hit-list-of-70-US-military-personnel/articleshow/52064073.cms</link><guid>http://timesofindia.indiatimes.com/world/middle-east/Kill-them-wherever-they-are-ISIS-hackers-publish-hit-list-of-70-US-military-personnel/articleshow/52064073.cms</guid><pubDate>Sun, 01 May 2016 11:28:11 GMT</pubDate></item><item><title>Harish Rawat accepts his 'presence' in sting CD</title><description>The sting CD made by the editor-in-chief of a private news channel and circulated by the nine Congress rebels purportedly shows Rawat negotiating a money deal with the journalist to buy the support of MLAs who had revolted against him.</description><link>http://timesofindia.indiatimes.com/india/Uttarakhand-crisis-Harish-Rawat-accepts-his-presence-in-sting-CD/articleshow/52064163.cms</link><guid>http://timesofindia.indiatimes.com/india/Uttarakhand-crisis-Harish-Rawat-accepts-his-presence-in-sting-CD/articleshow/52064163.cms</guid><pubDate>Sun, 01 May 2016 10:54:58 GMT</pubDate></item><item><title>India ready to clear $6.5 billion of Iran's oil dues</title><description>Keen to step up engagement in hydrocarbon sector with Iran, India has conveyed to the Persian Gulf nation that it was ready to clear nearly $6.5 billion of the dues for oil import from that country at the earliest, provided there was clarity on payment channel.</description><link>http://timesofindia.indiatimes.com/business/india-business/India-ready-to-clear-6-5-billion-of-Irans-oil-dues-seeks-clarity-on-payment-channel/articleshow/52063669.cms</link><guid>http://timesofindia.indiatimes.com/business/india-business/India-ready-to-clear-6-5-billion-of-Irans-oil-dues-seeks-clarity-on-payment-channel/articleshow/52063669.cms</guid><pubDate>Sun, 01 May 2016 10:18:12 GMT</pubDate></item><item><title>IPL live scorecard: Gujarat Lions vs Kings XI</title><description>Gujarat Lions skipper Suresh Raina won the toss and opted to field against Kings XI Punjab in the 28th match of the IPL 2016.</description><link>http://www.cricbuzz.com/live-cricket-scores/16416/gl-vs-kxip-28th-match-indian-premier-league-2016</link><guid>http://www.cricbuzz.com/live-cricket-scores/16416/gl-vs-kxip-28th-match-indian-premier-league-2016</guid><pubDate>Sun, 01 May 2016 10:16:24 GMT</pubDate></item></channel></rss>