<?xml version="1.0" encoding="UTF-8"?>
<?xml-stylesheet type="text/xsl" href="xsl/xsl.xsl"?>
<rss version="2.0" xmlns:media="http://search.yahoo.com/mrss/" xmlns:atom="http://www.w3.org/2005/Atom">
  <channel>
    <title><![CDATA[Home Page]]></title>
    <link>http://www.business-standard.com/home-page</link>
    <description><![CDATA[Business Standard, India's leading business site for Live Markets, Live BSE & NSE quotes, latest news, breaking news, political news, analysis and opinion on markets, companies, industry, economy, policy, banking and personal finance news and more.]]></description>
    <copyright>Copyright business-standard.com</copyright>
    <lastBuildDate>Sun, 01 May 2016 18:37:12 +0530</lastBuildDate>
    <language>en-us</language>
    <atom:link href="http://www.business-standard.com/rss/home_page_top_stories.rss" rel="self" type="application/rss+xml"/>
    <item>
      <title><![CDATA[ICICI Bank top-brass foregoes performance bonus]]></title>
      <link>http://www.business-standard.com/article/pti-stories/icici-bank-top-brass-foregoes-performance-bonus-116050100442_1.html</link>
      <guid>http://www.business-standard.com/article/pti-stories/icici-bank-top-brass-foregoes-performance-bonus-116050100442_1.html</guid>
      <pubDate>Sun, 01 May 2016 17:42:00 +0530</pubDate>
      <imageThumb><![CDATA[]]></imageThumb>
      <description><![CDATA[Performance bonus would however be paid to employees in grades of Deputy General Manager and below]]></description>
      <media:group>
        <media:description><![CDATA[Performance bonus would however be paid to employees in grades of Deputy General Manager and below]]></media:description>
        <media:content url="http://www.business-standard.com/article/pti-stories/icici-bank-top-brass-foregoes-performance-bonus-116050100442_1.html" height="0" width="0" medium="image"/>
        <media:title type="plain"><![CDATA[ICICI Bank Q2 net up 12%, in line with estimates]]></media:title>
        <media:thumbnail url=""/>
        <media:credit>Reuters</media:credit>
      </media:group>
    </item>
    <item>
      <title><![CDATA[Govt ready to clear $6.5 bn of Iran's oil dues]]></title>
      <link>http://www.business-standard.com/article/economy-policy/govt-ready-to-clear-6-5-bn-of-iran-s-oil-dues-116050100335_1.html</link>
      <guid>http://www.business-standard.com/article/economy-policy/govt-ready-to-clear-6-5-bn-of-iran-s-oil-dues-116050100335_1.html</guid>
      <pubDate>Sun, 01 May 2016 15:22:00 +0530</pubDate>
      <imageThumb><![CDATA[http://bsmedia.business-standard.com/_media/bs/img/hp/home-page/2016-05/01/5239/thumb/1438953799-1415.jpg]]></imageThumb>
      <description><![CDATA[Message conveyed to Iran even as PM Narendra Modi likely to visit oil-rich country later this month]]></description>
      <media:group>
        <media:description><![CDATA[Message conveyed to Iran even as PM Narendra Modi likely to visit oil-rich country later this month]]></media:description>
        <media:content url="http://www.business-standard.com/article/economy-policy/govt-ready-to-clear-6-5-bn-of-iran-s-oil-dues-116050100335_1.html" height="275" width="370" medium="image"/>
        <media:title type="plain"><![CDATA[Image via Shutterstock]]></media:title>
        <media:thumbnail url="http://bsmedia.business-standard.com/_media/bs/img/hp/home-page/2016-05/01/5239/thumb/1438953799-1415.jpg"/>
        <media:credit>Shutterstock.com</media:credit>
      </media:group>
    </item>
    <item>
      <title><![CDATA[Modi launches Rs 8,000 cr scheme to provide 5 cr free LPG connections to poor]]></title>
      <link>http://www.business-standard.com/article/pti-stories/modi-launches-scheme-to-provide-free-lpg-connections-to-poor-116050100281_1.html</link>
      <guid>http://www.business-standard.com/article/pti-stories/modi-launches-scheme-to-provide-free-lpg-connections-to-poor-116050100281_1.html</guid>
      <pubDate>Sun, 01 May 2016 14:08:00 +0530</pubDate>
      <imageThumb><![CDATA[http://bsmedia.business-standard.com/_media/bs/img/hp/home-page/2016-05/01/4268/thumb/1462093235-4555.jpg]]></imageThumb>
      <description><![CDATA[The Rs 8,000 cr scheme targets to provide 5 crore free LPG connections to the poor in three years]]></description>
      <media:group>
        <media:description><![CDATA[The Rs 8,000 cr scheme targets to provide 5 crore free LPG connections to the poor in three years]]></media:description>
        <media:content url="http://www.business-standard.com/article/pti-stories/modi-launches-scheme-to-provide-free-lpg-connections-to-poor-116050100281_1.html" height="226" width="301" medium="image"/>
        <media:title type="plain"><![CDATA[PM Narendra Modi launched Pradhan Mantri Ujjwala Yojana in Ballia in Uttar Pradesh on Sunday, May 1, 2016 PTI]]></media:title>
        <media:thumbnail url="http://bsmedia.business-standard.com/_media/bs/img/hp/home-page/2016-05/01/4268/thumb/1462093235-4555.jpg"/>
        <media:credit>PTI Photo</media:credit>
      </media:group>
    </item>
    <item>
      <title><![CDATA[Journalist Rajdeep Sardesai disables Twitter handle citing abuse]]></title>
      <link>http://www.business-standard.com/article/current-affairs/journalist-rajdeep-sardesai-disables-twitter-handle-citing-abuse-116050100223_1.html</link>
      <guid>http://www.business-standard.com/article/current-affairs/journalist-rajdeep-sardesai-disables-twitter-handle-citing-abuse-116050100223_1.html</guid>
      <pubDate>Sun, 01 May 2016 12:57:00 +0530</pubDate>
      <imageThumb><![CDATA[http://bsmedia.business-standard.com/_media/bs/img/article/2016-05/01/thumb/1462088236-9418.jpg]]></imageThumb>
      <description><![CDATA[Says he has been victim of constant abuse and alleges hacking of account after DMs were sent from his handle]]></description>
      <media:group>
        <media:description><![CDATA[Says he has been victim of constant abuse and alleges hacking of account after DMs were sent from his handle]]></media:description>
        <media:content url="http://www.business-standard.com/article/current-affairs/journalist-rajdeep-sardesai-disables-twitter-handle-citing-abuse-116050100223_1.html" height="0" width="0" medium="image"/>
        <media:title type="plain"><![CDATA[]]></media:title>
        <media:thumbnail url="http://bsmedia.business-standard.com/_media/bs/img/article/2016-05/01/thumb/1462088236-9418.jpg"/>
        <media:credit></media:credit>
      </media:group>
    </item>
    <item>
      <title><![CDATA[Amul eyes Rs 50,000-crore turnover by 2020]]></title>
      <link>http://www.business-standard.com/article/pti-stories/amul-eyes-rs-50-000-crore-turnover-by-2020-116050100213_1.html</link>
      <guid>http://www.business-standard.com/article/pti-stories/amul-eyes-rs-50-000-crore-turnover-by-2020-116050100213_1.html</guid>
      <pubDate>Sun, 01 May 2016 12:48:00 +0530</pubDate>
      <imageThumb><![CDATA[http://bsmedia.business-standard.com/_media/bs/img/hp/home-page/2016-05/01/4267/thumb/1441902044-0269.jpg]]></imageThumb>
      <description><![CDATA[Company pining hopes on rising demand for milk and value-added items]]></description>
      <media:group>
        <media:description><![CDATA[Company pining hopes on rising demand for milk and value-added items]]></media:description>
        <media:content url="http://www.business-standard.com/article/pti-stories/amul-eyes-rs-50-000-crore-turnover-by-2020-116050100213_1.html" height="226" width="301" medium="image"/>
        <media:title type="plain"><![CDATA[Amul takes the stamina test]]></media:title>
        <media:thumbnail url="http://bsmedia.business-standard.com/_media/bs/img/hp/home-page/2016-05/01/4267/thumb/1441902044-0269.jpg"/>
        <media:credit>Business Standard</media:credit>
      </media:group>
    </item>
    <item>
      <title><![CDATA[Coal supply to power sector ticks up 6% to 408 MT in 2015-16]]></title>
      <link>http://www.business-standard.com/article/pti-stories/coal-supply-to-power-sector-ticks-up-6-pc-to-408-mt-in-2015-16-116050100156_1.html</link>
      <guid>http://www.business-standard.com/article/pti-stories/coal-supply-to-power-sector-ticks-up-6-pc-to-408-mt-in-2015-16-116050100156_1.html</guid>
      <pubDate>Sun, 01 May 2016 11:42:00 +0530</pubDate>
      <imageThumb><![CDATA[http://bsmedia.business-standard.com/_media/bs/img/hp/home-page/2016-05/01/4267/thumb/1438766462-7046.jpg]]></imageThumb>
      <description><![CDATA[CIL that accounts for over 80% of domestic coal production dispatched 385.4 MT of dry fuel in 2014-15]]></description>
      <media:group>
        <media:description><![CDATA[CIL that accounts for over 80% of domestic coal production dispatched 385.4 MT of dry fuel in 2014-15]]></media:description>
        <media:content url="http://www.business-standard.com/article/pti-stories/coal-supply-to-power-sector-ticks-up-6-pc-to-408-mt-in-2015-16-116050100156_1.html" height="226" width="301" medium="image"/>
        <media:title type="plain"><![CDATA[Coal supply to power sector ticks up 6 pc to 408 mt in 2015-16]]></media:title>
        <media:thumbnail url="http://bsmedia.business-standard.com/_media/bs/img/hp/home-page/2016-05/01/4267/thumb/1438766462-7046.jpg"/>
        <media:credit>Business Standard</media:credit>
      </media:group>
    </item>
    <item>
      <title><![CDATA[Govt wants PSUs to emulate private sector, buy back shares]]></title>
      <link>http://www.business-standard.com/article/pti-stories/govt-wants-psus-to-emulate-private-sector-buy-back-shares-116050100152_1.html</link>
      <guid>http://www.business-standard.com/article/pti-stories/govt-wants-psus-to-emulate-private-sector-buy-back-shares-116050100152_1.html</guid>
      <pubDate>Sun, 01 May 2016 11:42:00 +0530</pubDate>
      <imageThumb><![CDATA[http://bsmedia.business-standard.com/_media/bs/img/hp/home-page/2016-05/01/4268/thumb/1458675184-0287.jpg]]></imageThumb>
      <description><![CDATA[Leveraging Rs 2.6 lakh cr surplus cash would be best option for PSUs rather than going for disinvestment]]></description>
      <media:group>
        <media:description><![CDATA[Leveraging Rs 2.6 lakh cr surplus cash would be best option for PSUs rather than going for disinvestment]]></media:description>
        <media:content url="http://www.business-standard.com/article/pti-stories/govt-wants-psus-to-emulate-private-sector-buy-back-shares-116050100152_1.html" height="226" width="301" medium="image"/>
        <media:title type="plain"><![CDATA[PSU general insurers may see up to 10% stake sale]]></media:title>
        <media:thumbnail url="http://bsmedia.business-standard.com/_media/bs/img/hp/home-page/2016-05/01/4268/thumb/1458675184-0287.jpg"/>
        <media:credit>Business Standard</media:credit>
      </media:group>
    </item>
    <item>
      <title><![CDATA[Chopper deal: Parrikar to place facts in Parliament on May 4]]></title>
      <link>http://www.business-standard.com/article/pti-stories/chopper-deal-parrikar-to-place-facts-in-parliament-on-may-4-116050100128_1.html</link>
      <guid>http://www.business-standard.com/article/pti-stories/chopper-deal-parrikar-to-place-facts-in-parliament-on-may-4-116050100128_1.html</guid>
      <pubDate>Sun, 01 May 2016 11:22:00 +0530</pubDate>
      <imageThumb><![CDATA[http://bsmedia.business-standard.com/_media/bs/img/hp/home-page/2016-05/01/4267/thumb/1453979546-2864.jpg]]></imageThumb>
      <description><![CDATA[Will expose how and when necessary clauses or provisions were relaxed to suit Finmeccanica]]></description>
      <media:group>
        <media:description><![CDATA[Will expose how and when necessary clauses or provisions were relaxed to suit Finmeccanica]]></media:description>
        <media:content url="http://www.business-standard.com/article/pti-stories/chopper-deal-parrikar-to-place-facts-in-parliament-on-may-4-116050100128_1.html" height="226" width="301" medium="image"/>
        <media:title type="plain"><![CDATA[Manohar Parrikar]]></media:title>
        <media:thumbnail url="http://bsmedia.business-standard.com/_media/bs/img/hp/home-page/2016-05/01/4267/thumb/1453979546-2864.jpg"/>
        <media:credit>PTI Photo</media:credit>
      </media:group>
    </item>
    <item>
      <title><![CDATA[Vodafone picks Kotak, UBS, ICICI for $2 bn share sale]]></title>
      <link>http://www.business-standard.com/article/markets/vodafone-picks-kotak-ubs-icici-for-2-bn-share-sale-116050100122_1.html</link>
      <guid>http://www.business-standard.com/article/markets/vodafone-picks-kotak-ubs-icici-for-2-bn-share-sale-116050100122_1.html</guid>
      <pubDate>Sun, 01 May 2016 11:02:00 +0530</pubDate>
      <imageThumb><![CDATA[http://bsmedia.business-standard.com/_media/bs/img/hp/home-page/2016-05/01/4745/thumb/1430399055-3439.jpg]]></imageThumb>
      <description><![CDATA[Also picks ICICI Securities, HSBC and Deutsche Bank as joint book-runners]]></description>
      <media:group>
        <media:description><![CDATA[Also picks ICICI Securities, HSBC and Deutsche Bank as joint book-runners]]></media:description>
        <media:content url="http://www.business-standard.com/article/markets/vodafone-picks-kotak-ubs-icici-for-2-bn-share-sale-116050100122_1.html" height="0" width="0" medium="image"/>
        <media:title type="plain"><![CDATA[Oliver Hoffmann / Shutterstock.com]]></media:title>
        <media:thumbnail url="http://bsmedia.business-standard.com/_media/bs/img/hp/home-page/2016-05/01/4745/thumb/1430399055-3439.jpg"/>
        <media:credit>Shutterstock.com</media:credit>
      </media:group>
    </item>
    <item>
      <title><![CDATA[Vodafone picks Kotak, UBS, ICICI for $2 bn share sale]]></title>
      <link>http://www.business-standard.com/article/markets/vodafone-picks-kotak-ubs-icici-for-2-bn-share-sale-116050100122_1.html</link>
      <guid>http://www.business-standard.com/article/markets/vodafone-picks-kotak-ubs-icici-for-2-bn-share-sale-116050100122_1.html</guid>
      <pubDate>Sun, 01 May 2016 11:02:00 +0530</pubDate>
      <imageThumb><![CDATA[]]></imageThumb>
      <description><![CDATA[Also picks ICICI Securities, HSBC and Deutsche Bank as joint book-runners]]></description>
      <media:group>
        <media:description><![CDATA[Also picks ICICI Securities, HSBC and Deutsche Bank as joint book-runners]]></media:description>
        <media:content url="http://www.business-standard.com/article/markets/vodafone-picks-kotak-ubs-icici-for-2-bn-share-sale-116050100122_1.html" height="0" width="0" medium="image"/>
        <media:title type="plain"><![CDATA[Oliver Hoffmann / Shutterstock.com]]></media:title>
        <media:thumbnail url=""/>
        <media:credit>Shutterstock.com</media:credit>
      </media:group>
    </item>
    <item>
      <title><![CDATA[Quarterly earnings, oil to set market trajectory]]></title>
      <link>http://www.business-standard.com/article/markets/quarterly-earnings-oil-to-set-market-trajectory-116050100114_1.html</link>
      <guid>http://www.business-standard.com/article/markets/quarterly-earnings-oil-to-set-market-trajectory-116050100114_1.html</guid>
      <pubDate>Sun, 01 May 2016 10:42:00 +0530</pubDate>
      <imageThumb><![CDATA[http://bsmedia.business-standard.com/_media/bs/img/hp/home-page/2016-05/01/4745/thumb/1451508392-1381.jpg]]></imageThumb>
      <description><![CDATA[Auto stocks will be in focus amid monthly sales data announcement]]></description>
      <media:group>
        <media:description><![CDATA[Auto stocks will be in focus amid monthly sales data announcement]]></media:description>
        <media:content url="http://www.business-standard.com/article/markets/quarterly-earnings-oil-to-set-market-trajectory-116050100114_1.html" height="0" width="0" medium="image"/>
        <media:title type="plain"><![CDATA[Stock market: A roller coaster ride for Indian equities]]></media:title>
        <media:thumbnail url="http://bsmedia.business-standard.com/_media/bs/img/hp/home-page/2016-05/01/4745/thumb/1451508392-1381.jpg"/>
        <media:credit>Business Standard</media:credit>
      </media:group>
    </item>
    <item>
      <title><![CDATA[Top three companies add Rs 34,256 cr in m-cap]]></title>
      <link>http://www.business-standard.com/article/markets/top-three-companies-add-rs-34-256-cr-in-m-cap-116050100112_1.html</link>
      <guid>http://www.business-standard.com/article/markets/top-three-companies-add-rs-34-256-cr-in-m-cap-116050100112_1.html</guid>
      <pubDate>Sun, 01 May 2016 10:32:00 +0530</pubDate>
      <imageThumb><![CDATA[http://bsmedia.business-standard.com/_media/bs/img/hp/home-page/2016-05/01/4745/thumb/1456682197-4615.jpg]]></imageThumb>
      <description><![CDATA[TCS shines with its m-cap soaring Rs 22,236.28 cr to reach Rs 4,98,528.12 cr]]></description>
      <media:group>
        <media:description><![CDATA[TCS shines with its m-cap soaring Rs 22,236.28 cr to reach Rs 4,98,528.12 cr]]></media:description>
        <media:content url="http://www.business-standard.com/article/markets/top-three-companies-add-rs-34-256-cr-in-m-cap-116050100112_1.html" height="0" width="0" medium="image"/>
        <media:title type="plain"><![CDATA[Meet the all-weather stocks]]></media:title>
        <media:thumbnail url="http://bsmedia.business-standard.com/_media/bs/img/hp/home-page/2016-05/01/4745/thumb/1456682197-4615.jpg"/>
        <media:credit></media:credit>
      </media:group>
    </item>
    <item>
      <title><![CDATA[Commodity market getting back on its feet, turnover jumps 9%]]></title>
      <link>http://www.business-standard.com/article/pti-stories/commodity-market-getting-back-on-its-feet-turnover-jumps-9-pc-116050100109_1.html</link>
      <guid>http://www.business-standard.com/article/pti-stories/commodity-market-getting-back-on-its-feet-turnover-jumps-9-pc-116050100109_1.html</guid>
      <pubDate>Sun, 01 May 2016 10:22:00 +0530</pubDate>
      <imageThumb><![CDATA[http://bsmedia.business-standard.com/_media/bs/img/hp/home-page/2016-05/01/4745/thumb/1438604221-8304.jpg]]></imageThumb>
      <description><![CDATA[Sebi in charge of commodity market being seen as a precursor for the trend]]></description>
      <media:group>
        <media:description><![CDATA[Sebi in charge of commodity market being seen as a precursor for the trend]]></media:description>
        <media:content url="http://www.business-standard.com/article/pti-stories/commodity-market-getting-back-on-its-feet-turnover-jumps-9-pc-116050100109_1.html" height="0" width="0" medium="image"/>
        <media:title type="plain"><![CDATA[Commodity market getting back on its feet, turnover jumps 9 pc]]></media:title>
        <media:thumbnail url="http://bsmedia.business-standard.com/_media/bs/img/hp/home-page/2016-05/01/4745/thumb/1438604221-8304.jpg"/>
        <media:credit>Business Standard</media:credit>
      </media:group>
    </item>
    <item>
      <title><![CDATA[Madhu Koda ensured recommendation for Jindal's firms: Court]]></title>
      <link>http://www.business-standard.com/article/pti-stories/madhu-koda-ensured-recommendation-for-jindal-s-firms-court-116050100076_1.html</link>
      <guid>http://www.business-standard.com/article/pti-stories/madhu-koda-ensured-recommendation-for-jindal-s-firms-court-116050100076_1.html</guid>
      <pubDate>Sun, 01 May 2016 08:48:00 +0530</pubDate>
      <imageThumb><![CDATA[]]></imageThumb>
      <description><![CDATA[Observations came while ordering charges against Jindal, Koda, former Minister of State for Coal Dasari Narayan Rao and 12 others]]></description>
      <media:group>
        <media:description><![CDATA[Observations came while ordering charges against Jindal, Koda, former Minister of State for Coal Dasari Narayan Rao and 12 others]]></media:description>
        <media:content url="http://www.business-standard.com/article/pti-stories/madhu-koda-ensured-recommendation-for-jindal-s-firms-court-116050100076_1.html" height="226" width="301" medium="image"/>
        <media:title type="plain"><![CDATA[Madhu Koda ensured recommendation for Jindal's firms: Court]]></media:title>
        <media:thumbnail url=""/>
        <media:credit></media:credit>
      </media:group>
    </item>
    <item>
      <title><![CDATA[Petrol price hiked by 1.06 a litre, diesel 2.094 paise]]></title>
      <link>http://www.business-standard.com/article/pti-stories/petrol-price-hiked-by-1-06-a-litre-diesel-2-094-paise-116043000912_1.html</link>
      <guid>http://www.business-standard.com/article/pti-stories/petrol-price-hiked-by-1-06-a-litre-diesel-2-094-paise-116043000912_1.html</guid>
      <pubDate>Sat, 30 Apr 2016 23:32:00 +0530</pubDate>
      <imageThumb><![CDATA[]]></imageThumb>
      <description><![CDATA[New rates will be effective midnight tonight]]></description>
      <media:group>
        <media:description><![CDATA[New rates will be effective midnight tonight]]></media:description>
        <media:content url="http://www.business-standard.com/article/pti-stories/petrol-price-hiked-by-1-06-a-litre-diesel-2-094-paise-116043000912_1.html" height="226" width="301" medium="image"/>
        <media:title type="plain"><![CDATA[Image via Shutterstock]]></media:title>
        <media:thumbnail url=""/>
        <media:credit>Shutterstock.com</media:credit>
      </media:group>
    </item>
    <item>
      <title><![CDATA[Vodafone gears up for Rs 16,500-cr IPO, names bankers]]></title>
      <link>http://www.business-standard.com/article/companies/vodafone-gears-up-for-rs-16-500-cr-ipo-names-bankers-116043000895_1.html</link>
      <guid>http://www.business-standard.com/article/companies/vodafone-gears-up-for-rs-16-500-cr-ipo-names-bankers-116043000895_1.html</guid>
      <pubDate>Sat, 30 Apr 2016 23:04:00 +0530</pubDate>
      <imageThumb><![CDATA[http://bsmedia.business-standard.com/_media/bs/img/article/2015-04/30/thumb/1430399055-3439.jpg]]></imageThumb>
      <description><![CDATA[It is expected to be a combination of offer-for-sale and issuance of fresh equity]]></description>
      <media:group>
        <media:description><![CDATA[It is expected to be a combination of offer-for-sale and issuance of fresh equity]]></media:description>
        <media:content url="http://www.business-standard.com/article/companies/vodafone-gears-up-for-rs-16-500-cr-ipo-names-bankers-116043000895_1.html" height="0" width="0" medium="image"/>
        <media:title type="plain"><![CDATA[]]></media:title>
        <media:thumbnail url="http://bsmedia.business-standard.com/_media/bs/img/article/2015-04/30/thumb/1430399055-3439.jpg"/>
        <media:credit></media:credit>
      </media:group>
    </item>
    <item>
      <title><![CDATA[AskMe sees exit of 650 employees]]></title>
      <link>http://www.business-standard.com/article/companies/askme-sees-exit-of-650-employees-116043000897_1.html</link>
      <guid>http://www.business-standard.com/article/companies/askme-sees-exit-of-650-employees-116043000897_1.html</guid>
      <pubDate>Sat, 30 Apr 2016 23:02:00 +0530</pubDate>
      <imageThumb><![CDATA[http://bsmedia.business-standard.com/_media/bs/img/article/2016-04/30/thumb/1462039665-5682.jpg]]></imageThumb>
      <description><![CDATA[Sources say company is running out of funds; reports suggest monthly cash burn was more than $6 million]]></description>
      <media:group>
        <media:description><![CDATA[Sources say company is running out of funds; reports suggest monthly cash burn was more than $6 million]]></media:description>
        <media:content url="http://www.business-standard.com/article/companies/askme-sees-exit-of-650-employees-116043000897_1.html" height="0" width="0" medium="image"/>
        <media:title type="plain"><![CDATA[]]></media:title>
        <media:thumbnail url="http://bsmedia.business-standard.com/_media/bs/img/article/2016-04/30/thumb/1462039665-5682.jpg"/>
        <media:credit></media:credit>
      </media:group>
    </item>
    <item>
      <title><![CDATA[Samsung vs Apple: The musical chair continues]]></title>
      <link>http://www.business-standard.com/article/companies/samsung-vs-apple-the-musical-chair-continues-116042900468_1.html</link>
      <guid>http://www.business-standard.com/article/companies/samsung-vs-apple-the-musical-chair-continues-116042900468_1.html</guid>
      <pubDate>Sat, 30 Apr 2016 22:30:00 +0530</pubDate>
      <imageThumb><![CDATA[http://bsmedia.business-standard.com/_media/bs/img/hp/home-page/2016-05/01/4267/thumb/1457887343-1265.jpg]]></imageThumb>
      <description><![CDATA[Analysts point to pattern with Samsung gaining leadership in prime segment during Feb-Aug every yr. Apple overtakes Sept onwards]]></description>
      <media:group>
        <media:description><![CDATA[Analysts point to pattern with Samsung gaining leadership in prime segment during Feb-Aug every yr. Apple overtakes Sept onwards]]></media:description>
        <media:content url="http://www.business-standard.com/article/companies/samsung-vs-apple-the-musical-chair-continues-116042900468_1.html" height="226" width="301" medium="image"/>
        <media:title type="plain"><![CDATA[Samsung Galaxy S7 edge]]></media:title>
        <media:thumbnail url="http://bsmedia.business-standard.com/_media/bs/img/hp/home-page/2016-05/01/4267/thumb/1457887343-1265.jpg"/>
        <media:credit>Business Standard</media:credit>
      </media:group>
    </item>
    <item>
      <title><![CDATA[Delhi's air pollution rises 23% during second odd-even phase]]></title>
      <link>http://www.business-standard.com/article/current-affairs/delhi-s-air-pollution-rises-23-during-second-odd-even-phase-116043000879_1.html</link>
      <guid>http://www.business-standard.com/article/current-affairs/delhi-s-air-pollution-rises-23-during-second-odd-even-phase-116043000879_1.html</guid>
      <pubDate>Sat, 30 Apr 2016 22:15:00 +0530</pubDate>
      <imageThumb><![CDATA[http://bsmedia.business-standard.com/_media/bs/img/article/2016-04/30/thumb/1462040065-7684.jpg]]></imageThumb>
      <description><![CDATA[Data indicate that the scheme cannot work in the long term without additional actions, such as improving bus services, curbing factory and truck emissions]]></description>
      <media:group>
        <media:description><![CDATA[Data indicate that the scheme cannot work in the long term without additional actions, such as improving bus services, curbing factory and truck emissions]]></media:description>
        <media:content url="http://www.business-standard.com/article/current-affairs/delhi-s-air-pollution-rises-23-during-second-odd-even-phase-116043000879_1.html" height="0" width="0" medium="image"/>
        <media:title type="plain"><![CDATA[]]></media:title>
        <media:thumbnail url="http://bsmedia.business-standard.com/_media/bs/img/article/2016-04/30/thumb/1462040065-7684.jpg"/>
        <media:credit></media:credit>
      </media:group>
    </item>
    <item>
      <title><![CDATA[It was the Congress govt which started the process to blacklist Agusta: Randeep Surjewala]]></title>
      <link>http://www.business-standard.com/article/politics/it-was-the-congress-govt-which-started-the-process-to-blacklist-agusta-randeep-surjewala-116043000594_1.html</link>
      <guid>http://www.business-standard.com/article/politics/it-was-the-congress-govt-which-started-the-process-to-blacklist-agusta-randeep-surjewala-116043000594_1.html</guid>
      <pubDate>Sat, 30 Apr 2016 22:12:00 +0530</pubDate>
      <imageThumb><![CDATA[]]></imageThumb>
      <description><![CDATA[Interview with Congress' communication chief]]></description>
      <media:group>
        <media:description><![CDATA[Interview with Congress' communication chief]]></media:description>
        <media:content url="http://www.business-standard.com/article/politics/it-was-the-congress-govt-which-started-the-process-to-blacklist-agusta-randeep-surjewala-116043000594_1.html" height="0" width="0" medium="image"/>
        <media:title type="plain"><![CDATA[Randeep Surjewala]]></media:title>
        <media:thumbnail url=""/>
        <media:credit>PTI Photo</media:credit>
      </media:group>
    </item>
    <item>
      <title><![CDATA[Markets to consolidate in the week ahead]]></title>
      <link>http://www.business-standard.com/article/markets/markets-to-consolidate-in-the-week-ahead-116042901085_1.html</link>
      <guid>http://www.business-standard.com/article/markets/markets-to-consolidate-in-the-week-ahead-116042901085_1.html</guid>
      <pubDate>Sat, 30 Apr 2016 22:10:00 +0530</pubDate>
      <imageThumb><![CDATA[http://bsmedia.business-standard.com/_media/bs/img/article/2016-04/26/thumb/1461680369-0722.jpg]]></imageThumb>
      <description><![CDATA[Movements in crude oil  and foreign fund flows will dictate the trend; corporate earnings and automobile companies will be in focus]]></description>
      <media:group>
        <media:description><![CDATA[Movements in crude oil  and foreign fund flows will dictate the trend; corporate earnings and automobile companies will be in focus]]></media:description>
        <media:content url="http://www.business-standard.com/article/markets/markets-to-consolidate-in-the-week-ahead-116042901085_1.html" height="0" width="0" medium="image"/>
        <media:title type="plain"><![CDATA[]]></media:title>
        <media:thumbnail url="http://bsmedia.business-standard.com/_media/bs/img/article/2016-04/26/thumb/1461680369-0722.jpg"/>
        <media:credit></media:credit>
      </media:group>
    </item>
    <item>
      <title><![CDATA[Invest like a professional]]></title>
      <link>http://www.business-standard.com/article/pf/invest-like-a-professional-116043000872_1.html</link>
      <guid>http://www.business-standard.com/article/pf/invest-like-a-professional-116043000872_1.html</guid>
      <pubDate>Sat, 30 Apr 2016 22:08:00 +0530</pubDate>
      <imageThumb><![CDATA[http://bsmedia.business-standard.com/_media/bs/img/hp/home-page/2016-04/30/3374/thumb/1460924915-4952.jpg]]></imageThumb>
      <description><![CDATA[A few steps you can emulate to select suitable products for your goals]]></description>
      <media:group>
        <media:description><![CDATA[A few steps you can emulate to select suitable products for your goals]]></media:description>
        <media:content url="http://www.business-standard.com/article/pf/invest-like-a-professional-116043000872_1.html" height="278" width="370" medium="image"/>
        <media:title type="plain"><![CDATA[Invest like a professional]]></media:title>
        <media:thumbnail url="http://bsmedia.business-standard.com/_media/bs/img/hp/home-page/2016-04/30/3374/thumb/1460924915-4952.jpg"/>
        <media:credit>Business Standard</media:credit>
      </media:group>
    </item>
    <item>
      <title><![CDATA[Kishan S Rana: Some steps for India's renewal]]></title>
      <link>http://www.business-standard.com/article/opinion/kishan-s-rana-some-steps-for-india-s-renewal-116043000858_1.html</link>
      <guid>http://www.business-standard.com/article/opinion/kishan-s-rana-some-steps-for-india-s-renewal-116043000858_1.html</guid>
      <pubDate>Sat, 30 Apr 2016 21:50:00 +0530</pubDate>
      <imageThumb><![CDATA[http://bsmedia.business-standard.com/_media/bs/img/hp/home-page/2016-04/30/3355/thumb/kishan-s-rana.jpg]]></imageThumb>
      <description><![CDATA[Is the idea of cooperative governance, in which governing coalitions and opposing parties actually join in tackling real issues, truly beyond our ken?]]></description>
      <media:group>
        <media:description><![CDATA[Is the idea of cooperative governance, in which governing coalitions and opposing parties actually join in tackling real issues, truly beyond our ken?]]></media:description>
        <media:content url="http://www.business-standard.com/article/opinion/kishan-s-rana-some-steps-for-india-s-renewal-116043000858_1.html" height="45" width="60" medium="image"/>
        <media:title type="plain"><![CDATA[]]></media:title>
        <media:thumbnail url="http://bsmedia.business-standard.com/_media/bs/img/hp/home-page/2016-04/30/3355/thumb/kishan-s-rana.jpg"/>
        <media:credit></media:credit>
      </media:group>
    </item>
    <item>
      <title><![CDATA[Ravi Bhoothalingam: The India-China gap]]></title>
      <link>http://www.business-standard.com/article/opinion/ravi-bhoothalingam-the-india-china-gap-116043000857_1.html</link>
      <guid>http://www.business-standard.com/article/opinion/ravi-bhoothalingam-the-india-china-gap-116043000857_1.html</guid>
      <pubDate>Sat, 30 Apr 2016 21:48:00 +0530</pubDate>
      <imageThumb><![CDATA[http://bsmedia.business-standard.com/_media/bs/img/hp/home-page/2016-04/30/3355/thumb/ravi-bhoothalingam.jpg]]></imageThumb>
      <description><![CDATA[As ties between the two countries deepen, our capabilities to manage disputes will increase. So will mutual confidence. The first step can be taken now]]></description>
      <media:group>
        <media:description><![CDATA[As ties between the two countries deepen, our capabilities to manage disputes will increase. So will mutual confidence. The first step can be taken now]]></media:description>
        <media:content url="http://www.business-standard.com/article/opinion/ravi-bhoothalingam-the-india-china-gap-116043000857_1.html" height="45" width="60" medium="image"/>
        <media:title type="plain"><![CDATA[]]></media:title>
        <media:thumbnail url="http://bsmedia.business-standard.com/_media/bs/img/hp/home-page/2016-04/30/3355/thumb/ravi-bhoothalingam.jpg"/>
        <media:credit></media:credit>
      </media:group>
    </item>
    <item>
      <title><![CDATA[From censor to certifier]]></title>
      <link>http://www.business-standard.com/article/opinion/from-censor-to-certifier-116043000856_1.html</link>
      <guid>http://www.business-standard.com/article/opinion/from-censor-to-certifier-116043000856_1.html</guid>
      <pubDate>Sat, 30 Apr 2016 21:40:00 +0530</pubDate>
      <imageThumb><![CDATA[]]></imageThumb>
      <description><![CDATA[Shyam Benegal panel offers good advice on CBFC's role]]></description>
      <media:group>
        <media:description><![CDATA[Shyam Benegal panel offers good advice on CBFC's role]]></media:description>
        <media:content url="http://www.business-standard.com/article/opinion/from-censor-to-certifier-116043000856_1.html" height="0" width="0" medium="image"/>
        <media:title type="plain"><![CDATA[]]></media:title>
        <media:thumbnail url=""/>
        <media:credit></media:credit>
      </media:group>
    </item>
    <item>
      <title><![CDATA[Why Lamka will not bury its dead]]></title>
      <link>http://www.business-standard.com/article/economy-policy/why-lamka-will-not-bury-its-dead-116043000838_1.html</link>
      <guid>http://www.business-standard.com/article/economy-policy/why-lamka-will-not-bury-its-dead-116043000838_1.html</guid>
      <pubDate>Sat, 30 Apr 2016 21:15:00 +0530</pubDate>
      <imageThumb><![CDATA[]]></imageThumb>
      <description><![CDATA[The district in Manipur is in mourning for over 230 days. Nitin Sethi tells the story of nine dead, three Bills & a state singed by clashes]]></description>
      <media:group>
        <media:description><![CDATA[The district in Manipur is in mourning for over 230 days. Nitin Sethi tells the story of nine dead, three Bills & a state singed by clashes]]></media:description>
        <media:content url="http://www.business-standard.com/article/economy-policy/why-lamka-will-not-bury-its-dead-116043000838_1.html" height="0" width="0" medium="image"/>
        <media:title type="plain"><![CDATA[Families of the nine dead camp outside the morgue in the town they call Lamka]]></media:title>
        <media:thumbnail url=""/>
        <media:credit>Business Standard</media:credit>
      </media:group>
    </item>
    <item>
      <title><![CDATA[Projects worth Rs 3,028 crore cleared in Karnataka]]></title>
      <link>http://www.business-standard.com/article/pti-stories/projects-worth-rs-3-028-cr-cleared-in-karnataka-116043000758_1.html</link>
      <guid>http://www.business-standard.com/article/pti-stories/projects-worth-rs-3-028-cr-cleared-in-karnataka-116043000758_1.html</guid>
      <pubDate>Sat, 30 Apr 2016 20:42:00 +0530</pubDate>
      <imageThumb><![CDATA[http://bsmedia.business-standard.com/_media/bs/img/hp/home-page/2016-05/01/4268/thumb/1458330875-3285.jpg]]></imageThumb>
      <description><![CDATA[Majority of the projects cleared are from sectors like IT, food and agri-business, tourism, manufacturing]]></description>
      <media:group>
        <media:description><![CDATA[Majority of the projects cleared are from sectors like IT, food and agri-business, tourism, manufacturing]]></media:description>
        <media:content url="http://www.business-standard.com/article/pti-stories/projects-worth-rs-3-028-cr-cleared-in-karnataka-116043000758_1.html" height="226" width="301" medium="image"/>
        <media:title type="plain"><![CDATA[Govt to borrow Rs 3.5 L cr in first half of FY17]]></media:title>
        <media:thumbnail url="http://bsmedia.business-standard.com/_media/bs/img/hp/home-page/2016-05/01/4268/thumb/1458330875-3285.jpg"/>
        <media:credit>Business Standard</media:credit>
      </media:group>
    </item>
    <item>
      <title><![CDATA[UJALA will be implemented across country by 2019: Piyush Goyal]]></title>
      <link>http://www.business-standard.com/article/pti-stories/ujala-will-be-implemented-across-country-by-2019-goyal-116043000452_1.html</link>
      <guid>http://www.business-standard.com/article/pti-stories/ujala-will-be-implemented-across-country-by-2019-goyal-116043000452_1.html</guid>
      <pubDate>Sat, 30 Apr 2016 16:22:00 +0530</pubDate>
      <imageThumb><![CDATA[]]></imageThumb>
      <description><![CDATA[he cost of a 9-w LED bulb under the scheme is Rs 85 only]]></description>
      <media:group>
        <media:description><![CDATA[he cost of a 9-w LED bulb under the scheme is Rs 85 only]]></media:description>
        <media:content url="http://www.business-standard.com/article/pti-stories/ujala-will-be-implemented-across-country-by-2019-goyal-116043000452_1.html" height="226" width="301" medium="image"/>
        <media:title type="plain"><![CDATA[Piyush Goyal]]></media:title>
        <media:thumbnail url=""/>
        <media:credit>Business Standard</media:credit>
      </media:group>
    </item>
    <item>
      <title><![CDATA[TTD ready to keep 7.5 tonne gold under Gold Monetisation Scheme if interest paid in gold]]></title>
      <link>http://www.business-standard.com/article/markets/ttd-ready-to-keep-7-5-tonne-gold-under-gold-monetisation-scheme-if-interest-paid-in-gold-116043000350_1.html</link>
      <guid>http://www.business-standard.com/article/markets/ttd-ready-to-keep-7-5-tonne-gold-under-gold-monetisation-scheme-if-interest-paid-in-gold-116043000350_1.html</guid>
      <pubDate>Sat, 30 Apr 2016 14:26:00 +0530</pubDate>
      <imageThumb><![CDATA[http://bsmedia.business-standard.com/_media/bs/img/hp/home-page/2016-05/01/4745/thumb/1438698832-0968.jpg]]></imageThumb>
      <description><![CDATA[TTD would get about 800 kgs to one tonne of gold every year on all of its gold stash]]></description>
      <media:group>
        <media:description><![CDATA[TTD would get about 800 kgs to one tonne of gold every year on all of its gold stash]]></media:description>
        <media:content url="http://www.business-standard.com/article/markets/ttd-ready-to-keep-7-5-tonne-gold-under-gold-monetisation-scheme-if-interest-paid-in-gold-116043000350_1.html" height="0" width="0" medium="image"/>
        <media:title type="plain"><![CDATA[Balalji, Tirupati]]></media:title>
        <media:thumbnail url="http://bsmedia.business-standard.com/_media/bs/img/hp/home-page/2016-05/01/4745/thumb/1438698832-0968.jpg"/>
        <media:credit></media:credit>
      </media:group>
    </item>
    <item>
      <title><![CDATA[Reviving a Dakota for the Indian Air Force]]></title>
      <link>http://www.business-standard.com/article/beyond-business/reviving-a-dakota-for-the-indian-air-force-116042901353_1.html</link>
      <guid>http://www.business-standard.com/article/beyond-business/reviving-a-dakota-for-the-indian-air-force-116042901353_1.html</guid>
      <pubDate>Sat, 30 Apr 2016 00:20:00 +0530</pubDate>
      <imageThumb><![CDATA[]]></imageThumb>
      <description><![CDATA[Rajya Sabha MP Rajeev Chandrasekhar is underwriting revival of a vintage Dakota as a gift to IAF. The author reports on this challenging project to preserve a significant piece of military history]]></description>
      <media:group>
        <media:description><![CDATA[Rajya Sabha MP Rajeev Chandrasekhar is underwriting revival of a vintage Dakota as a gift to IAF. The author reports on this challenging project to preserve a significant piece of military history]]></media:description>
        <media:content url="http://www.business-standard.com/article/beyond-business/reviving-a-dakota-for-the-indian-air-force-116042901353_1.html" height="226" width="301" medium="image"/>
        <media:title type="plain"><![CDATA[Dakota]]></media:title>
        <media:thumbnail url=""/>
        <media:credit></media:credit>
      </media:group>
    </item>
    <item>
      <title><![CDATA[How Rama Rau found her calling away from Bollywood]]></title>
      <link>http://www.business-standard.com/article/beyond-business/how-rama-rau-found-her-calling-away-from-bollywood-116042901384_1.html</link>
      <guid>http://www.business-standard.com/article/beyond-business/how-rama-rau-found-her-calling-away-from-bollywood-116042901384_1.html</guid>
      <pubDate>Sat, 30 Apr 2016 00:19:00 +0530</pubDate>
      <imageThumb><![CDATA[http://bsmedia.business-standard.com/_media/bs/img/hp/home-page/2016-04/30/3366/thumb/1461950126-3616.jpg]]></imageThumb>
      <description><![CDATA[The Toronto-based film maker has found her calling away from Bollywood. And, League of Exotique Dancers is her latest offering]]></description>
      <media:group>
        <media:description><![CDATA[The Toronto-based film maker has found her calling away from Bollywood. And, League of Exotique Dancers is her latest offering]]></media:description>
        <media:content url="http://www.business-standard.com/article/beyond-business/how-rama-rau-found-her-calling-away-from-bollywood-116042901384_1.html" height="226" width="301" medium="image"/>
        <media:title type="plain"><![CDATA[Rama Rau]]></media:title>
        <media:thumbnail url="http://bsmedia.business-standard.com/_media/bs/img/hp/home-page/2016-04/30/3366/thumb/1461950126-3616.jpg"/>
        <media:credit></media:credit>
      </media:group>
    </item>
    <item>
      <title><![CDATA[India's World War II]]></title>
      <link>http://www.business-standard.com/article/beyond-business/india-s-world-war-ii-116042901402_1.html</link>
      <guid>http://www.business-standard.com/article/beyond-business/india-s-world-war-ii-116042901402_1.html</guid>
      <pubDate>Sat, 30 Apr 2016 00:18:00 +0530</pubDate>
      <imageThumb><![CDATA[]]></imageThumb>
      <description><![CDATA[An accomplished history juxtaposes the far-flung campaigns India fought against the independence struggle]]></description>
      <media:group>
        <media:description><![CDATA[An accomplished history juxtaposes the far-flung campaigns India fought against the independence struggle]]></media:description>
        <media:content url="http://www.business-standard.com/article/beyond-business/india-s-world-war-ii-116042901402_1.html" height="226" width="301" medium="image"/>
        <media:title type="plain"><![CDATA[Indian army]]></media:title>
        <media:thumbnail url=""/>
        <media:credit></media:credit>
      </media:group>
    </item>
    <item>
      <title><![CDATA[Mario @90]]></title>
      <link>http://www.business-standard.com/article/beyond-business/mario-90-116042901421_1.html</link>
      <guid>http://www.business-standard.com/article/beyond-business/mario-90-116042901421_1.html</guid>
      <pubDate>Sat, 30 Apr 2016 00:17:00 +0530</pubDate>
      <imageThumb><![CDATA[]]></imageThumb>
      <description><![CDATA[On his birth anniversary, Goa plans to celebrate the life of Mario Miranda with an exhibition of his works and his favourite bands]]></description>
      <media:group>
        <media:description><![CDATA[On his birth anniversary, Goa plans to celebrate the life of Mario Miranda with an exhibition of his works and his favourite bands]]></media:description>
        <media:content url="http://www.business-standard.com/article/beyond-business/mario-90-116042901421_1.html" height="226" width="301" medium="image"/>
        <media:title type="plain"><![CDATA[Mario Miranda]]></media:title>
        <media:thumbnail url=""/>
        <media:credit></media:credit>
      </media:group>
    </item>
    <item>
      <title><![CDATA[Down in bird land]]></title>
      <link>http://www.business-standard.com/article/beyond-business/down-in-bird-land-116042901435_1.html</link>
      <guid>http://www.business-standard.com/article/beyond-business/down-in-bird-land-116042901435_1.html</guid>
      <pubDate>Sat, 30 Apr 2016 00:16:00 +0530</pubDate>
      <imageThumb><![CDATA[]]></imageThumb>
      <description><![CDATA[As a fire rages in the hills of Kumaon, the author remembers the time spent there]]></description>
      <media:group>
        <media:description><![CDATA[As a fire rages in the hills of Kumaon, the author remembers the time spent there]]></media:description>
        <media:content url="http://www.business-standard.com/article/beyond-business/down-in-bird-land-116042901435_1.html" height="226" width="301" medium="image"/>
        <media:title type="plain"><![CDATA[Kumaon hills]]></media:title>
        <media:thumbnail url=""/>
        <media:credit></media:credit>
      </media:group>
    </item>
  </channel>
</rss>
