




<rss version="2.0" xmlns:media="http://search.yahoo.com/mrss/" xmlns:atom="http://www.w3.org/2005/Atom">
<channel>
<title><![CDATA[India Today Latest Stories]]></title>
<description>India Today</description>
<link><![CDATA[http://indiatoday.intoday.in/]]></link>
<lastBuildDate>Sun, 01 May 2016 12:43:26 GMT</lastBuildDate>
<generator>FeedCreator 1.7.2</generator>
<image>
<url>http://indiatoday.intoday.in/images/india-today-mast-logo.gif</url>
<title><![CDATA[India Today Latest Stories]]></title>
<link><![CDATA[http://indiatoday.intoday.in/]]></link>
<description>India Today</description>
</image>
<item>
<title><![CDATA[Uttarakhand forest fire: 7 dead, 2269 hectares of green cover destroyed; Rajnath reviews situation]]></title>
<link><![CDATA[http://indiatoday.intoday.in/story/uttarakhand-forest-fire-7-dead-2269-hectares-of-green-cover-destroyed-rajnath-reviews-situation/1/656472.html]]></link>
<description><![CDATA[Rajnath Singh directed central officials to provide all possible assistance to the state government to control the forest fires.]]></description>
<pubDate>Sun, 01 May 2016 12:43:26 GMT</pubDate>
</item>
<item>
<title><![CDATA[Kanhaiya's supporters thrash man for showing black flag during his speech in Patna]]></title>
<link><![CDATA[http://indiatoday.intoday.in/story/kanhaiya-kumars-supporters-brutally-thrash-man-for-showing-black-flag-during-his-speech-in-patna/1/656343.html]]></link>
<description><![CDATA[JNUSU president Kanhaiya Kumar's speech was interrupted by a youth showing a black flag and raising Bharat Mata Ki Jai slogan.]]></description>
<pubDate>Sun, 01 May 2016 09:25:51 GMT</pubDate>
</item>
<item>
<title><![CDATA[India ready to clear USD 6.5 billion of Iran's oil dues]]></title>
<link><![CDATA[http://indiatoday.intoday.in/story/india-ready-to-clear-usd-6-5-billion-of-irans-oil-dues/1/656528.html]]></link>
<description><![CDATA[Refiners like Essar Oil and Mangalore Refinery and Petrochemicals Ltd (MPRL) owe nearly USD 6.5 billion in dues to Iran.]]></description>
<pubDate>Sun, 01 May 2016 13:52:05 GMT</pubDate>
</item>
<item>
<title><![CDATA[Top quotes of PM Modi at launch of free LPG scheme for poor]]></title>
<link><![CDATA[http://indiatoday.intoday.in/story/pm-narendra-modi-launches-pradhan-mantri-ujjwala-yojna-in-ballia/1/656342.html]]></link>
<description><![CDATA[The Pradhan Mantri Ujjwala Yojna, aims at providing LPG connections to 5
 crore women beneficiaries from Below Poverty Line (BPL) families over 
the next three years.]]></description>
<pubDate>Sun, 01 May 2016 13:15:12 GMT</pubDate>
</item>
<item>
<title>Subscribe Now</title>
<link>http://indiatoday.intoday.in/subscription.html</link>
<description> Subscribe now for your favourite magazines</description>
</item>
<item>
<title><![CDATA[SEE PICS: Lovebirds Karan Singh Grover and Bipasha Basu are now married]]></title>
<link><![CDATA[http://indiatoday.intoday.in/story/see-pics-lovebirds-karan-singh-grover-and-bipasha-basu-are-now-married/1/656238.html]]></link>
<description><![CDATA[Bipasha Basu and Karan Singh Grover are now officially a married couple.
 The two lovebirds who have been dating for over a year now finally tied
 the knot on Saturday (April 30).]]></description>
<pubDate>Sun, 01 May 2016 07:03:45 GMT</pubDate>
</item>
<item>
<title><![CDATA[IPL 2016: Axar hat-trick leaves Gujarat Lions reeling in chase of 155]]></title>
<link><![CDATA[http://indiatoday.intoday.in/story/ipl-2016-live-scores-gujarat-lions-vs-kings-xi-punjab/1/656341.html]]></link>
<description><![CDATA[Gujarat Lions take on Kings XI Punjab in match 28 of the Indian Premier League at Saurashtra Cricket Association Stadium in Rajkot.]]></description>
<pubDate>Sun, 01 May 2016 13:53:42 GMT</pubDate>
</item>
<item>
<title><![CDATA[70 per cent want PM Modi to return to power after 5 years, says survey]]></title>
<link><![CDATA[http://indiatoday.intoday.in/story/15-per-cent-feel-situations-have-worsen-under-modi-70-per-cent-want-him-back-for-second-term-says-survey/1/656462.html]]></link>
<description><![CDATA[Contradicting the recent debate over Modi wave fading away, the survey 
points out that while 62 per cent are satisfied with the performance of 
Modi government, 70 per cent want to him to remain PM till 2024. ]]></description>
<pubDate>Sun, 01 May 2016 12:14:15 GMT</pubDate>
</item>
<item>
<title><![CDATA[Rajan gets death threat from Chhota Shakeel inside Tihar; SMS vows 'the end']]></title>
<link><![CDATA[http://indiatoday.intoday.in/story/rajan-gets-the-end-death-threat-from-chhota-shakeel-even-in-tihar-jail/1/656317.html]]></link>
<description><![CDATA[Delhi Police sources revealed that an SMS was purportedly sent from the cell phone of Chhota Shakeel, a close aide of fugitive mob boss Dawood Ibrahim, to a senior Tihar jail official threatening to eliminate Chhota Rajan.]]></description>
<pubDate>Sun, 01 May 2016 08:16:27 GMT</pubDate>
</item>
<item>
<title><![CDATA[Flying from IGI Airport gets cheaper from today]]></title>
<link><![CDATA[http://indiatoday.intoday.in/story/flying-from-igi-airport-gets-cheaper-from-today/1/656504.html]]></link>
<description><![CDATA[The airports tariff regulator AERA had in February issued an order directing Delhi International Airport Limited to discontinue DF 
from May 1.]]></description>
<pubDate>Sun, 01 May 2016 13:04:19 GMT</pubDate>
</item>
<item>
<title><![CDATA[AgustaWestland scam: Manohar Parrikar to place documents in Parliament on May 4]]></title>
<link><![CDATA[http://indiatoday.intoday.in/story/agustawestland-scam-manohar-parrikar-to-speak-in-parliament-on-may-4/1/656270.html]]></link>
<description><![CDATA[Manohar Parrikar today said he will state all facts along with the detailed chronology about the AgustaWestland chopper deal before Parliament.]]></description>
<pubDate>Sun, 01 May 2016 09:39:10 GMT</pubDate>
</item>
<item>
<title><![CDATA[IPL 2016: Miffed Virat Kohli blasts bowlers after RCB's 15-run loss]]></title>
<link><![CDATA[http://indiatoday.intoday.in/story/ipl-2016-virat-kohli-urges-bowlers-to-pull-up-their-socks/1/656225.html]]></link>
<description><![CDATA[Royal Challengers Bangalore suffered their fourth defeat as they went down to Sunrisers Hyderabad by 15 runs.]]></description>
<pubDate>Sun, 01 May 2016 04:24:17 GMT</pubDate>
</item>
<item>
<title><![CDATA[Delhi Odd-Even 3.0 only after more buses, assures AAP government ]]></title>
<link><![CDATA[http://indiatoday.intoday.in/story/delhi-odd-even-3-0-only-after-more-buses-assures-aap-government/1/656193.html]]></link>
<description><![CDATA[Air pollution in the Capital reached alarming levels in the winter and 
the Delhi high court said the city had turned into a "gas chamber".]]></description>
<pubDate>Sun, 01 May 2016 03:10:51 GMT</pubDate>
</item>
<item>
<title><![CDATA[Underworld don Dawood Ibrahim has gangrene, legs may be amputated: Reports]]></title>
<link><![CDATA[http://indiatoday.intoday.in/story/underworld-don-dawood-ibrahim-has-gangrene-legs-may-be-amputated-reports/1/651325.html]]></link>
<description><![CDATA[Dawood Ibrahim is said to be undergoing treatment at Karachi's Liaquat National Hospital and Combined Military Hospital. ]]></description>
<pubDate>Mon, 25 Apr 2016 19:52:59 GMT</pubDate>
</item>
<item>
<title><![CDATA[India, Pakistan foreign secretaries to meet tomorrow in Delhi, Pathankot probe on agenda]]></title>
<link><![CDATA[http://indiatoday.intoday.in/story/india-pak-foreign-secretaries-to-meet-tomorrow-in-delhi-pathankot-probe-on-agenda/1/650789.html]]></link>
<description><![CDATA[The efforts to resume the Comprehensive Bilateral Dialogue at the Foreign Secretary-level hit a deadlock after the terrorist attack on the Pathankot airbase on January 2.]]></description>
<pubDate>Mon, 25 Apr 2016 09:39:45 GMT</pubDate>
</item>
<item>
<title><![CDATA[Mail Today cartoons]]></title>
<link><![CDATA[http://indiatoday.intoday.in/story/sandeep-adhwaryu-cartoons-in-mail-today/1/15597.html]]></link>
<description><![CDATA[Here are some of the recent cartoons carried by Mail Today.]]></description>
<pubDate>Fri, 29 Apr 2016 03:24:06 GMT</pubDate>
</item>
<item>
<title><![CDATA[When a litre costs crores: These are the world's costliest liquids]]></title>
<link><![CDATA[http://indiatoday.intoday.in/story/when-a-litre-costs-crores-these-are-the-worlds-costliest-liquids/1/653976.html]]></link>
<description><![CDATA[We may not think twice about buying various liquids - from water to milk to petrol - but have you thought which are the costliest liquids in the world? Some of them are so expensive that you just can't go with the flow.]]></description>
<pubDate>Fri, 29 Apr 2016 07:35:22 GMT</pubDate>
</item>
<item>
<title><![CDATA[Taiwan finds 4,800-year-old fossil of mother cradling baby]]></title>
<link><![CDATA[http://indiatoday.intoday.in/story/taiwan-finds-4-800-year-old-fossil-of-mother-cradling-baby/1/652471.html]]></link>
<description><![CDATA[The 48 sets of remains unearthed in graves in the Taichung area are the earliest trace of human activity found in central Taiwan. The most striking discovery among them was the skeleton of a young mother looking down at a child cradled in her arms.]]></description>
<pubDate>Tue, 26 Apr 2016 17:43:12 GMT</pubDate>
</item>
<item>
<title><![CDATA[This family photo has something deadly in it. Can you find it?]]></title>
<link><![CDATA[http://indiatoday.intoday.in/story/this-family-photo-has-something-scary-in-it-can-you-guess-it/1/651753.html]]></link>
<description><![CDATA[A family outing turned into an ordeal and left the woman hospitalised and their pet dog dead. Guess how.]]></description>
<pubDate>Tue, 26 Apr 2016 14:31:06 GMT</pubDate>
</item>
<item>
<title><![CDATA[97-year-old appears for MA exam in Bihar]]></title>
<link><![CDATA[http://indiatoday.intoday.in/story/no-age-limit-for-learning-97-year-old-appears-for-ma-in-bihar/1/652729.html]]></link>
<description><![CDATA[For an exam spanning three hours, Kumar took 23 answer sheets. In fact, some of his fellow candidates were probably younger than his grandchildren.]]></description>
<pubDate>Wed, 27 Apr 2016 19:05:14 GMT</pubDate>
</item>
<item>
<title><![CDATA[Don't miss: Pradeep Sarkar's 'Others' on India's first transgender police officer]]></title>
<link><![CDATA[http://indiatoday.intoday.in/story/dont-miss-pradeep-sarkars-others-on-indias-first-transgender-police-officer/1/635426.html]]></link>
<description><![CDATA[The 60-year-old director, known for 'Parineeta', 'Mardaani' and hundreds
 of popular ad films, has now come out with his short, 'Others', 
premiered during the India Today Conclave 2016 in New Delhi last month. 
The three-minute short was formally launched online today.]]></description>
<pubDate>Thu, 14 Apr 2016 09:08:00 GMT</pubDate>
</item>
<item>
<title><![CDATA[Now Showing: My Dream, Imtiaz Ali's short film for #IndiaTomorrow]]></title>
<link><![CDATA[http://indiatoday.intoday.in/story/imtiaz-alis-my-dream-restitution-of-a-prostitute/1/636991.html]]></link>
<description><![CDATA[The film, which was premiered during the India Today Conclave 2016 in New Delhi last month, was released officially today.]]></description>
<pubDate>Thu, 14 Apr 2016 09:08:42 GMT</pubDate>
</item>
<item>
<title><![CDATA[Now Showing: Reach For The Stars, Hansal Mehta's short film for #IndiaTomorrow]]></title>
<link><![CDATA[http://indiatoday.intoday.in/story/now-showing-reach-for-the-stars-hansal-mehtas-short-film-for-indiatomorrow/1/640719.html]]></link>
<description><![CDATA[The much acclaimed filmmaker has now come up with a short film which he 
has made for India Tomorrow, a campaign being run by the India Today 
Group to highlight issues that must be addressed to create better and 
more informed citizens.]]></description>
<pubDate>Thu, 14 Apr 2016 09:09:36 GMT</pubDate>
</item>
<item>
<title><![CDATA[Don't miss: India... India, Meghna Gulzar's short film for #IndiaTomorrow]]></title>
<link><![CDATA[http://indiatoday.intoday.in/story/dont-miss-india-india-meghna-gulzars-short-film-for-indiatomorrow/1/640727.html]]></link>
<description><![CDATA[The five-minute-long movie, part of India Today Group's India Tomorrow campaign, shows the face of India we have grown up with.]]></description>
<pubDate>Thu, 14 Apr 2016 09:10:30 GMT</pubDate>
</item>
<item>
<title><![CDATA['Prime Time' with Rohan Sippy: Has hashtag journalism reduced TV news to mere soundbytes?]]></title>
<link><![CDATA[http://indiatoday.intoday.in/story/prime-time-with-rohan-sippy-has-hashtag-journalism-reduced-tv-news-to-mere-soundbytes/1/640729.html]]></link>
<description><![CDATA[In Prime Time, which Rohan Sippy made in association with the India Today 
Group, the filmmaker takes the viewers behind the screen and inside a 
newsroom, where complex incidents are reduced to their lowest common 
denominators.]]></description>
<pubDate>Thu, 14 Apr 2016 09:11:04 GMT</pubDate>
</item>
<item>
<title><![CDATA[Your answers can win you gift vouchers worth Rs 1,000]]></title>
<link><![CDATA[http://indiatoday.intoday.in/story/your-answers-can-win-you-gift-vouchers-worth-rs-1000/1/345316.html]]></link>
<description><![CDATA[Question of The Month]]></description>
<pubDate>Wed, 06 Apr 2016 06:36:30 GMT</pubDate>
</item>
<item>
<title><![CDATA[Mumbai has wealthier people than Delhi, but here are 7 ways Delhiites manage to 'look rich']]></title>
<link><![CDATA[http://indiatoday.intoday.in/story/mumbai-highest-super-rich-delhi-economy/1/610915.html]]></link>
<description><![CDATA[Mumbai might have most of the country's ultra-high-net-worth individuals, but Delhiites know how to show they're, even if they're not! Here are 7 ways Dilliwallahs manage to look rich. ]]></description>
<pubDate>Fri, 04 Mar 2016 13:10:18 GMT</pubDate>
</item>
<item>
<title><![CDATA[Letters to Modi: Children who wrote to the PMO and received immediate responses]]></title>
<link><![CDATA[http://indiatoday.intoday.in/story/letters-to-modi-children-write-letters-to-the-pmo-received-response/1/610997.html]]></link>
<description><![CDATA[The Prime Minister's Office immediately responds to a letter written by 
two brothers requesting financial help for their ailing father's 
treatment. Here are few more letters written by children that the PMO 
has responded to. ]]></description>
<pubDate>Fri, 04 Mar 2016 13:11:43 GMT</pubDate>
</item>
<item>
<title><![CDATA[Have you seen this dog anywhere? He's cute as a button, and HUGE as a giant!]]></title>
<link><![CDATA[http://indiatoday.intoday.in/story/giant-dog-juji-christopher-cline-minnesota-photoshop-instagram/1/611853.html]]></link>
<description><![CDATA[A photographer from Minnesota took his doggy love to a whole new level by editing the pictures of his dog to look thrice his size. And the results are stunning!]]></description>
<pubDate>Fri, 04 Mar 2016 13:05:35 GMT</pubDate>
</item>
<item>
<title><![CDATA[Cannes 2015: Sonam Kapoor adds colour to the red carpet on Day 4]]></title>
<link><![CDATA[http://indiatoday.intoday.in/story/cannes-2015-sonam-kapoor-royal-blue-gown-aishwarya-rai-bachchan-diane-kruger-sienna-miller-natalie-portman/1/14839.html]]></link>
<description><![CDATA[Sonam Kapoor made unarguably the most  striking appearance on Day 4. Her royal blue peplum gown, stood out on the red carpet which witnessed subtle appearances even on the fourth day.]]></description>
<pubDate>Sun, 17 May 2015 08:48:01 GMT</pubDate>
</item>
<item>
<title><![CDATA[These perfectly timed photographs will make you 'anxious in anticipation']]></title>
<link><![CDATA[http://indiatoday.intoday.in/story/aaron-tilley-anxious-in-anticipation-kinfolk-magazine/1/610842.html]]></link>
<description><![CDATA[These perfectly times photographs taken by London based photographer Aaron Tilley for Kinfolk magazine will annoy you and leave you anxious in anticipation. ]]></description>
<pubDate>Fri, 04 Mar 2016 13:49:53 GMT</pubDate>
</item>
<item>
<title><![CDATA[First look of Kamal Haasan's Thoongaavanam out on May 25]]></title>
<link><![CDATA[http://indiatoday.intoday.in/story/kamal-haasan-first-look-thoongaavanam-on-may-25/1/439368.html]]></link>
<description><![CDATA[The first look of Kamal Haasan-starrer Tamil-Telugu bilingual Thoongaavanam is likely to be out on May 25.]]></description>
<pubDate>Thu, 21 May 2015 07:59:31 GMT</pubDate>
</item>
<item>
<title><![CDATA[Bombay Velvet fails to attract, collects Rs 10 cr in 2 days]]></title>
<link><![CDATA[http://indiatoday.intoday.in/story/bombay-velvet-box-office-ranbir-kapoor-anurag-kashyap-anushka-sharma-karan-johar/1/438567.html]]></link>
<description><![CDATA[It is not a good news for the makers of Bombay Velvet. As per reports 
from the ticket windows, the movie failed to impress public. ]]></description>
<pubDate>Mon, 18 May 2015 03:50:21 GMT</pubDate>
</item>
<item>
<title><![CDATA[Salman Khan takes selfie to thank fans]]></title>
<link><![CDATA[http://indiatoday.intoday.in/story/salman-khan-kashmir-bajrangi-bhaijaan-selfie-song-thank-fans-kareena-kapoor/1/437730.html]]></link>
<description><![CDATA[With legal hassles behind him for now, Salman Khan wants to thank fans 
for their support with a special song in his upcoming Eid biggie, 
Bajrangi Bhaijaan.]]></description>
<pubDate>Wed, 13 May 2015 14:50:14 GMT</pubDate>
</item>
<item>
<title><![CDATA[Cannes 2015, Day 7: Hottest looks that stole the show]]></title>
<link><![CDATA[http://indiatoday.intoday.in/story/cannes-2015-aishwarya-rai-bachchan-cate-blanchett-red-carpet-de-grisogono-cannes-film-festival-fashion/1/14863.html]]></link>
<description><![CDATA[Aishwarya Rai Bachchan]]></description>
<pubDate>Wed, 20 May 2015 11:56:32 GMT</pubDate>
</item>
<item>
<title><![CDATA[Cannes 2015: #HeelGate causes a stir as women wearing flats banned]]></title>
<link><![CDATA[http://indiatoday.intoday.in/story/cannes-2015-heelgate-women-wearing-flats-banned-cannes-film-festival/1/439082.html]]></link>
<description><![CDATA[The Cannes Film Festival is coming under scrutiny for its strict dress 
code after women not wearing high heels were turned away from a 
premiere.]]></description>
<pubDate>Wed, 20 May 2015 05:46:23 GMT</pubDate>
</item>
<item>
<title><![CDATA[Watch: Priyanka Chopra nails the FBI agent act in Quantico trailer]]></title>
<link><![CDATA[http://indiatoday.intoday.in/story/priyanka-chopra-quantico-trailer-johanna-braddy-twitter-bollywood-fbi-agent-american-tv-show/1/437719.html]]></link>
<description><![CDATA[Priyanka Chopra, who makes her debut on American TV,
plays FBI agent Alex Parrish in Quantico. ]]></description>
<pubDate>Wed, 13 May 2015 14:50:48 GMT</pubDate>
</item>
<item>
<title><![CDATA[From Mother India to Queen: 15 films that have made Bollywood proud]]></title>
<link><![CDATA[http://indiatoday.intoday.in/story/kangana-ranaut-mother-india-queen-farhan-akhtar-20-films-made-bollywood-proud/1/14647.html]]></link>
<description><![CDATA[Here, we list 15 films that have made us feel proud at some point of time in life.]]></description>
<pubDate>Tue, 21 Apr 2015 05:03:30 GMT</pubDate>
</item>
<item>
<title><![CDATA[10 things you must know to keep lifestyle diseases at bay]]></title>
<link><![CDATA[http://indiatoday.intoday.in/story/wellness-at-workplace-10-things-must-know-to-keep-lifestyle-diseases-at-bay/1/431260.html]]></link>
<description><![CDATA[Chuck these bad habits to boost your well-being as well as performance at work.]]></description>
<pubDate>Tue, 21 Apr 2015 05:04:14 GMT</pubDate>
</item>
<item>
<title><![CDATA[Bollywood super-couple Abhi, Ash complete 8 years of marital bliss]]></title>
<link><![CDATA[http://indiatoday.intoday.in/story/abhishek-bachchan-aishwarya-rai-bachchan-8th-marriage-anniversary/1/14660.html]]></link>
<description><![CDATA[Abhi-Ash complete 8 years of marital bliss.]]></description>
<pubDate>Mon, 20 Apr 2015 05:38:39 GMT</pubDate>
</item>
<item>
<title><![CDATA[SRK's selfie with Zayn Malik is one of the most favourited and retweeted pictures]]></title>
<link><![CDATA[http://indiatoday.intoday.in/story/shah-rukh-khan-zayn-malik-asian-awards-selfie-twitter-one-direction/1/431270.html]]></link>
<description><![CDATA[ Shah Rukh Khan posted a picture with One Direction former member Zayn 
Malik on micro-blogging site Twitter when the two met recently at The 
Asian Awards held in London. And, within a few minutes of sharing the 
picture, it went viral. ]]></description>
<pubDate>Tue, 21 Apr 2015 05:49:45 GMT</pubDate>
</item>
<item>
<title><![CDATA[Mega Review: Margarita, With A Straw]]></title>
<link><![CDATA[http://indiatoday.intoday.in/story/margarita-with-a-straw-review-kalki-koechlin-shonali-bose-revathi-sayani-gupta/1/430771.html]]></link>
<description><![CDATA[]]></description>
<pubDate>Sat, 18 Apr 2015 10:14:55 GMT</pubDate>
</item>
<item>
<title><![CDATA[Dil Dhadakne Do trailer launch: Ranveer, Priyanka's chemistry steals the show]]></title>
<link><![CDATA[http://indiatoday.intoday.in/story/dil-dhadakne-do-trailer-launch-ranveer-singh-priyanka-chopra-zoya-akhtar-anil-kapoor/1/14635.html]]></link>
<description><![CDATA[The trailer of Zoya Akhtar's much-awaited film "Dil Dhadakne Do" has been unveiled.]]></description>
<pubDate>Thu, 16 Apr 2015 08:02:57 GMT</pubDate>
</item>
<item>
<title><![CDATA[Sonam Kapoor excited to begin shooting for Neerja Bhanot biopic]]></title>
<link><![CDATA[http://indiatoday.intoday.in/story/sonam-kapoor-excited-to-begin-shooting-for-neerja-bhanot-biopic/1/430964.html]]></link>
<description><![CDATA[Actress Sonam Kapoor has begun shooting for the biopic of Indian flight 
attendant Neerja Bhanot, who was murdered while saving passengers from 
terrorists on board the hijacked Pan Am Flight 73 in 1986. ]]></description>
<pubDate>Sun, 19 Apr 2015 07:32:01 GMT</pubDate>
</item>
<item>
<title><![CDATA[Rahul Gandhi's two-month vacation made no difference]]></title>
<link><![CDATA[http://indiatoday.intoday.in/story/rahul-gandhi-two-month-vacation-made-no-difference/1/430787.html]]></link>
<description><![CDATA[Congress vice-president Rahul Gandhi returned from a 58-day vacation to New Delhi on Thursday. The 44-year-old leader was widely slammed for his absence as his party, despite its poor strength in Parliament, took on the NDA government on a range of issues. But his absence actually made little difference to his party.]]></description>
<pubDate>Fri, 17 Apr 2015 18:13:56 GMT</pubDate>
</item>
<item>
<title><![CDATA[Kamaal karti ho yaar rajjo: Salman all praise for fitter Sonakshi]]></title>
<link><![CDATA[http://indiatoday.intoday.in/story/salman-khan-gaga-sonakshi-sinha-kamaal-karti-ho-yaar-rajjo-bollywood/1/430247.html]]></link>
<description><![CDATA[Bollywood actor Salman Khan has inspired many when it comes to attaining
 that 'fit and fab' body. Following his instructions, actress Sonakshi 
Sinha too burnt some fat and got into shape before entering filmdom. ]]></description>
<pubDate>Wed, 15 Apr 2015 08:44:11 GMT</pubDate>
</item>
<item>
<title><![CDATA[Ek Paheli Leela: 5 things so absurd you can't miss them]]></title>
<link><![CDATA[http://indiatoday.intoday.in/story/sunny-leones-ek-paheli-leela--5-things-so-absurd-bad-funny-you-cant-miss-them/1/429861.html]]></link>
<description><![CDATA[There are points in the latest Sunny Leone-starrer Ek Paheli Leela which are so foolish that you're just left 
with the option of laughing at the sheer absurdity of it all.]]></description>
<pubDate>Mon, 13 Apr 2015 11:38:40 GMT</pubDate>
</item>
<item>
<title><![CDATA[Ek Paheli Leela trounces NH10, Shamitabh in opening-day collection]]></title>
<link><![CDATA[http://indiatoday.intoday.in/story/ek-paheli-leela-box-office-collection-sunny-leone-trounces-nh10-shamitabh-detective-byomkesh-bakshy/1/429733.html]]></link>
<description><![CDATA[Sunny Leone-starrer Ek Paheli Leela did a brisk business of Rs 10 crore in the first two days of its release. ]]></description>
<pubDate>Sun, 12 Apr 2015 09:39:26 GMT</pubDate>
</item>
<item>
<title><![CDATA[Army colonel held for raping mentally-challenged woman in Mumbai]]></title>
<link><![CDATA[http://indiatoday.intoday.in/story/rape-army-colonel-vinod-sahni-deolali-military-camp-mentally-challenged-woman-sansari-cantonment-area/1/433425.html]]></link>
<description><![CDATA[Colonel Vinod Sahni, who noticed that there was nobody at the victim's 
home as her mother had also gone out somewhere, entered into the house 
and forced himself upon the woman on the evening of May 1. ]]></description>
<pubDate>Sun, 03 May 2015 01:55:14 GMT</pubDate>
</item>
<item>
<title><![CDATA[Anushka blamed for Bombay Velvet promotion cancellation]]></title>
<link><![CDATA[http://indiatoday.intoday.in/story/anushka-sharma-virat-kohli-bombay-velvet-ipl-royal-challengers-anurag-kashyap/1/430055.html]]></link>
<description><![CDATA[A spokesperson for the actor said Anushka Sharma had clearly communicated her inability to attend the event a month ago, even then the filmmakers had blamed the actor despite her very professional record in the industry.]]></description>
<pubDate>Wed, 15 Apr 2015 08:23:39 GMT</pubDate>
</item>
<item>
<title><![CDATA[Watch: The best beauty hack to hide dark circles uses a red lipstick]]></title>
<link><![CDATA[http://indiatoday.intoday.in/story/deepicam-mutyala-red-lipstick-cover-under-eye-dark-circle-concealer/1/428718.html]]></link>
<description><![CDATA[This life-changing makeup tip will make your dark circles vanish.]]></description>
<pubDate>Mon, 06 Apr 2015 12:55:26 GMT</pubDate>
</item>
</channel>
</rss>
