<?xml version="1.0" encoding="UTF-8"?>
<rss version="2.0">
<channel>
<title>BusinessLine - News</title>
<link>http://www.thehindubusinessline.com/news/</link>
<description>RSS feed</description>
<language>en-us</language>
<copyright>Copyright 2016 The Hindu Business Line </copyright>
<item>
<title><![CDATA[Harish Rawat accepts his ‘presence’ in sting CD]]></title>
<category><![CDATA[National]]></category>
<link>http://www.thehindubusinessline.com/news/national/harish-rawat-accepts-his-presence-in-sting-cd/article8544185.ece?utm_source=RSS_Feed&amp;utm_medium=RSS&amp;utm_campaign=RSS_Syndication</link>
<description><![CDATA[
Deposed Uttarakhand Chief Minister Harish Rawat, who had so far been insisting the sting CD of him was “fake”, today virtually accepted his presence in the video.He, however, said meeting a journalist...
]]>
</description>
<pubDate><![CDATA[Sun, 1 May 2016 19:30:01 +0530]]></pubDate>
</item>
<item>
<title><![CDATA[Naidu demands Centre to grant special status to AP]]></title>
<category><![CDATA[National]]></category>
<link>http://www.thehindubusinessline.com/news/national/naidu-demands-centre-to-grant-special-status-to-ap/article8544181.ece?utm_source=RSS_Feed&amp;utm_medium=RSS&amp;utm_campaign=RSS_Syndication</link>
<description><![CDATA[
Nothing is more important to me than the interests of the State and I shall not compromise on the score, Andhra Pradesh Chief Minister N. Chandrababu Naidu has asserted.
He made the assertion whil...
]]>
</description>
<pubDate><![CDATA[Sun, 1 May 2016 19:22:30 +0530]]></pubDate>
</item>
<item>
<title><![CDATA[Mamata accuses police of unleashing terror at EC’s behest ]]></title>
<category><![CDATA[National]]></category>
<link>http://www.thehindubusinessline.com/news/national/mamata-accuses-police-of-unleashing-terror-at-ecs-behest/article8544168.ece?utm_source=RSS_Feed&amp;utm_medium=RSS&amp;utm_campaign=RSS_Syndication</link>
<description><![CDATA[
Claiming that a section of police officials have “unleashed terror” on people at the behest of the Election Commission, Trinamool Congress supremo Mamata Banerjee today warned them of “consequences” ...
]]>
</description>
<pubDate><![CDATA[Sun, 1 May 2016 19:05:48 +0530]]></pubDate>
</item>
<item>
<title><![CDATA[Cricket: 10-year jail term proposed for match fixers]]></title>
<category><![CDATA[Sports]]></category>
<link>http://www.thehindubusinessline.com/news/sports/cricket-10year-jail-term-proposed-for-match-fixers/article8544157.ece?utm_source=RSS_Feed&amp;utm_medium=RSS&amp;utm_campaign=RSS_Syndication</link>
<description><![CDATA[
BCCI secretary Anurag Thakur, who is also a Lok Sabha MP, has introduced three private member bills including a significant ‘National Sports Ethics Commission’ bill which recommends “10 years of jail ...
]]>
</description>
<pubDate><![CDATA[Sun, 1 May 2016 18:59:43 +0530]]></pubDate>
</item>
<item>
<title><![CDATA[Mobility card for public transport in Delhi]]></title>
<category><![CDATA[National]]></category>
<link>http://www.thehindubusinessline.com/news/national/mobility-card-for-public-transport-in-delhi/article8544136.ece?utm_source=RSS_Feed&amp;utm_medium=RSS&amp;utm_campaign=RSS_Syndication</link>
<description><![CDATA[
Come July and Delhiites will be able to travel on metro trains, DTC and cluster buses using a ‘Common Mobility Card’ (CMC), with the city government deciding to launch the project for seamless travel...
]]>
</description>
<pubDate><![CDATA[Sun, 1 May 2016 18:42:04 +0530]]></pubDate>
</item>
<item>
<title><![CDATA[33 rescued lions arrive in S Africa in biggest airlift ]]></title>
<category><![CDATA[World]]></category>
<link>http://www.thehindubusinessline.com/news/world/33-rescued-lions-arrive-in-s-africa-in-biggest-airlift/article8544129.ece?utm_source=RSS_Feed&amp;utm_medium=RSS&amp;utm_campaign=RSS_Syndication</link>
<description><![CDATA[
Thirty-three rescued lions that endured “hell on earth” at circuses in Colombia and Peru have been flown to South Africa to start a new life in a sanctuary, in the largest airlift of the big cats in ...
]]>
</description>
<pubDate><![CDATA[Sun, 1 May 2016 18:31:04 +0530]]></pubDate>
</item>
<item>
<title><![CDATA[‘Learning a new language may boost brain’s agility’ ]]></title>
<category><![CDATA[Science]]></category>
<link>http://www.thehindubusinessline.com/news/science/learning-a-new-language-may-boost-brains-agility/article8544128.ece?utm_source=RSS_Feed&amp;utm_medium=RSS&amp;utm_campaign=RSS_Syndication</link>
<description><![CDATA[
Learning a new language for even a short period of time may aid mental agility and have linguistic, cognitive and social benefits, a new study has claimed.
Tests carried out on students of all ages...
]]>
</description>
<pubDate><![CDATA[Sun, 1 May 2016 18:27:22 +0530]]></pubDate>
</item>
<item>
<title><![CDATA[Singareni Collieries bags award]]></title>
<category><![CDATA[National]]></category>
<link>http://www.thehindubusinessline.com/news/national/singareni-collieries-bags-award/article8544122.ece?utm_source=RSS_Feed&amp;utm_medium=RSS&amp;utm_campaign=RSS_Syndication</link>
<description><![CDATA[
N. Sridhar, Chairman and Managing Director of Singareni Collieries Company Limited, has received the Telangana Government’s “Best Management Award” from State Labour and Home Minister Nayini Narsimha...
]]>
</description>
<pubDate><![CDATA[Sun, 1 May 2016 18:21:22 +0530]]></pubDate>
</item>
<item>
<title><![CDATA[Telangana CM proposes use of technology for good governance]]></title>
<category><![CDATA[National]]></category>
<link>http://www.thehindubusinessline.com/news/national/telangana-cm-proposes-use-of-technology-for-good-governance/article8544121.ece?utm_source=RSS_Feed&amp;utm_medium=RSS&amp;utm_campaign=RSS_Syndication</link>
<description><![CDATA[
Telangana Chief Minister K Chandrasekhar Rao has come out with a proposal for developing a comprehensive database of citizen and use of mobile applications aimed at improving the accountability of em...
]]>
</description>
<pubDate><![CDATA[Sun, 1 May 2016 18:17:13 +0530]]></pubDate>
</item>
<item>
<title><![CDATA[Housing.com appoints Dilip Tuli as Senior VP ]]></title>
<category><![CDATA[Real Estate]]></category>
<link>http://www.thehindubusinessline.com/news/real-estate/housingcom-appoints-dilip-tuli-as-senior-vp/article8544111.ece?utm_source=RSS_Feed&amp;utm_medium=RSS&amp;utm_campaign=RSS_Syndication</link>
<description><![CDATA[
Real estate platform, Housing.com,&nbsp;has appointed former KPMG Director&nbsp;Dilip Tuli as Senior Vice President - Strategy &amp; New Business Initiatives to assist with strategy and oversee new b...
]]>
</description>
<pubDate><![CDATA[Sun, 1 May 2016 18:07:07 +0530]]></pubDate>
</item>
<item>
<title><![CDATA[Twin bombings in southern Iraq kill 33]]></title>
<category><![CDATA[World]]></category>
<link>http://www.thehindubusinessline.com/news/world/twin-bombings-in-southern-iraq-kill-33/article8544116.ece?utm_source=RSS_Feed&amp;utm_medium=RSS&amp;utm_campaign=RSS_Syndication</link>
<description><![CDATA[
Two bomb blasts in the southern Iraqi city of Samawa today killed at least 33 people and wounded more than 50, security and medical officials said.“The hospitals have received 33 dead,” a senior offi...
]]>
</description>
<pubDate><![CDATA[Sun, 1 May 2016 18:00:53 +0530]]></pubDate>
</item>
<item>
<title><![CDATA[China completes implementation of VAT scheme ]]></title>
<category><![CDATA[World]]></category>
<link>http://www.thehindubusinessline.com/news/world/china-completes-implementation-of-vat-scheme/article8544112.ece?utm_source=RSS_Feed&amp;utm_medium=RSS&amp;utm_campaign=RSS_Syndication</link>
<description><![CDATA[
China today replaced all business tax with a value-added tax (VAT) after extending the policy to cover four new sectors of construction, real estate, finance and consumer services, as part of reform ...
]]>
</description>
<pubDate><![CDATA[Sun, 1 May 2016 17:54:30 +0530]]></pubDate>
</item>
<item>
<title><![CDATA[Mitchell Marsh ruled out of IPL with side strain ]]></title>
<category><![CDATA[Sports]]></category>
<link>http://www.thehindubusinessline.com/news/sports/mitchell-marsh-ruled-out-of-ipl-with-side-strain/article8544065.ece?utm_source=RSS_Feed&amp;utm_medium=RSS&amp;utm_campaign=RSS_Syndication</link>
<description><![CDATA[
Joins Kevin Pietersen and Faf du Plessis in the list of injured Pune players
]]>
</description>
<pubDate><![CDATA[Sun, 1 May 2016 16:58:12 +0530]]></pubDate>
</item>
<item>
<title><![CDATA[SEBI to hit cinema screens to spread investor awareness ]]></title>
<category><![CDATA[News]]></category>
<link>http://www.thehindubusinessline.com/news/sebi-to-hit-cinema-screens-to-spread-investor-awareness/article8544032.ece?utm_source=RSS_Feed&amp;utm_medium=RSS&amp;utm_campaign=RSS_Syndication</link>
<description><![CDATA[
So far carried one campaign on its Investor Grievance Redressal Mechanism and six on unregistered collective investment schemes and ponzi menace.
]]>
</description>
<pubDate><![CDATA[Sun, 1 May 2016 16:20:52 +0530]]></pubDate>
</item>
<item>
<title><![CDATA[House panel for common electoral roll for LS to panchayat polls ]]></title>
<category><![CDATA[News]]></category>
<link>http://www.thehindubusinessline.com/news/house-panel-for-common-electoral-roll-for-ls-to-panchayat-polls/article8543979.ece?utm_source=RSS_Feed&amp;utm_medium=RSS&amp;utm_campaign=RSS_Syndication</link>
<description><![CDATA[
From panchayat elections to Lok Sabha polls, there should be a common electoral roll, a Parliamentary committee has recommended, saying it will help weed out duplicate voters and bring down cost of h...
]]>
</description>
<pubDate><![CDATA[Sun, 1 May 2016 15:24:18 +0530]]></pubDate>
</item>
<item>
<title><![CDATA[Obama mocks self, scribes, rivals at final White House dinner gig ]]></title>
<category><![CDATA[World]]></category>
<link>http://www.thehindubusinessline.com/news/world/obama-mocks-self-scribes-rivals-at-final-white-house-dinner-gig/article8543882.ece?utm_source=RSS_Feed&amp;utm_medium=RSS&amp;utm_campaign=RSS_Syndication</link>
<description><![CDATA[
A gifted orator, Obama was at his best during his speech that lasted for more than 30 minutes.
]]>
</description>
<pubDate><![CDATA[Sun, 1 May 2016 12:40:44 +0530]]></pubDate>
</item>
<item>
<title><![CDATA[World’s largest telescope may be set up in Ladakh ]]></title>
<category><![CDATA[Science]]></category>
<link>http://www.thehindubusinessline.com/news/science/worlds-largest-telescope-may-be-set-up-in-ladakh/article8543860.ece?utm_source=RSS_Feed&amp;utm_medium=RSS&amp;utm_campaign=RSS_Syndication</link>
<description><![CDATA[
Hawaii’s loss may turn out to be Ladakh’s gain.After protests in Hawaii in the US against the proposed Thirty Metre Telescope (TMT) project, the largest to be built, alternative sites are being explo...
]]>
</description>
<pubDate><![CDATA[Sun, 1 May 2016 12:10:54 +0530]]></pubDate>
</item>
<item>
<title><![CDATA[Chopper deal: Parrikar to place facts in Parliament on May 4 ]]></title>
<category><![CDATA[News]]></category>
<link>http://www.thehindubusinessline.com/news/chopper-deal-parrikar-to-place-facts-in-parliament-on-may-4/article8543853.ece?utm_source=RSS_Feed&amp;utm_medium=RSS&amp;utm_campaign=RSS_Syndication</link>
<description><![CDATA[
Defence Minister Manohar Parrikar today said he will place all facts along with the detailed chronology about the controversial AgustaWestland chopper deal before Parliament on May 4.“I will place th...
]]>
</description>
<pubDate><![CDATA[Sun, 1 May 2016 12:03:25 +0530]]></pubDate>
</item>
<item>
<title><![CDATA[Recent rise in yen ‘extremely worrying’: Japan FinMin ]]></title>
<category><![CDATA[World]]></category>
<link>http://www.thehindubusinessline.com/news/world/recent-rise-in-yen-extremely-worrying-japan-finmin/article8543820.ece?utm_source=RSS_Feed&amp;utm_medium=RSS&amp;utm_campaign=RSS_Syndication</link>
<description><![CDATA[
Japan’s finance minister has said the recent sharp rise in the yen is “extremely worrying”, adding Tokyo will take action when necessary.The remarks, which suggest Tokyo’s possible market interventio...
]]>
</description>
<pubDate><![CDATA[Sun, 1 May 2016 11:08:42 +0530]]></pubDate>
</item>
<item>
<title><![CDATA[Sunrisers Hyderabad posts 194/5 against RCB ]]></title>
<category><![CDATA[Sports]]></category>
<link>http://www.thehindubusinessline.com/news/sports/sunrisers-hyderabad-posts-1945-against-rcb/article8541850.ece?utm_source=RSS_Feed&amp;utm_medium=RSS&amp;utm_campaign=RSS_Syndication</link>
<description><![CDATA[
Put into bat, Sunrisers Hyderabad posted an imposing 194 for 5 against Royal Challengers Bangalore in their IPL match at the Rajiv Gandhi International Stadium here today.
Sunrisers Hyderabad posts...
]]>
</description>
<pubDate><![CDATA[Sat, 30 Apr 2016 22:54:51 +0530]]></pubDate>
</item>
<item>
<title><![CDATA[Mi-17 choppers to spray water over burning forests in Uttarakhand ]]></title>
<category><![CDATA[News]]></category>
<link>http://www.thehindubusinessline.com/news/mi17-choppers-to-spray-water-over-burning-forests-in-uttarakhand/article8541827.ece?utm_source=RSS_Feed&amp;utm_medium=RSS&amp;utm_campaign=RSS_Syndication</link>
<description><![CDATA[
With major fires blighting around 1,900 hectares of forests in Uttarakhand, the government today decided to press two MI-17 helicopters into service as NDRF, SDRF and Army personnel struggled to dous...
]]>
</description>
<pubDate><![CDATA[Sat, 30 Apr 2016 22:14:32 +0530]]></pubDate>
</item>
<item>
<title><![CDATA[Former ED, Great Lakes Institute of Management S Sriram passes away]]></title>
<category><![CDATA[Education]]></category>
<link>http://www.thehindubusinessline.com/news/education/former-ed-great-lakes-institute-of-managements-srirampasses-away/article8541767.ece?utm_source=RSS_Feed&amp;utm_medium=RSS&amp;utm_campaign=RSS_Syndication</link>
<description><![CDATA[
As founding Executive Director, Prof Sriram’s contribution to the institute’s growth was invaluable
]]>
</description>
<pubDate><![CDATA[Sat, 30 Apr 2016 21:03:24 +0530]]></pubDate>
</item>
<item>
<title><![CDATA[78.25% polled in 5th phase of WB Assembly elections ]]></title>
<category><![CDATA[National]]></category>
<link>http://www.thehindubusinessline.com/news/national/7825-polled-in-west-bengal-assembly-elections/article8541756.ece?utm_source=RSS_Feed&amp;utm_medium=RSS&amp;utm_campaign=RSS_Syndication</link>
<description><![CDATA[
A voter turnout of 78.25 per cent was reported till 5 PM in the fifth and penultimate stage of the Assembly polls in West Bengal.
Except some reports of sporadic violence, polling across the 53 sea...
]]>
</description>
<pubDate><![CDATA[Sat, 30 Apr 2016 22:59:00 +0530]]></pubDate>
</item>
<item>
<title><![CDATA[AP CM objects to Union Minister's remark on special status]]></title>
<category><![CDATA[National]]></category>
<link>http://www.thehindubusinessline.com/news/national/ap-cm-objects-to-union-ministers-remark-on-special-status/article8541737.ece?utm_source=RSS_Feed&amp;utm_medium=RSS&amp;utm_campaign=RSS_Syndication</link>
<description><![CDATA[
The remark of the Union Minister of State for Home, H.P Chaudhury, that Andhra Pradesh does not require special category status made in the Rajya Sabha&nbsp;on Friday&nbsp;is not correct, according t...
]]>
</description>
<pubDate><![CDATA[Sat, 30 Apr 2016 21:44:45 +0530]]></pubDate>
</item>
<item>
<title><![CDATA[EU to tap into India's migration problem management ]]></title>
<category><![CDATA[World]]></category>
<link>http://www.thehindubusinessline.com/news/world/eu-to-tap-into-indias-migration-problem-management/article8541733.ece?utm_source=RSS_Feed&amp;utm_medium=RSS&amp;utm_campaign=RSS_Syndication</link>
<description><![CDATA[
The European Union (EU) is planning to learn some of the lessons from India on the control and management of migration even as it grapples with severe migration and refugee crisis.&nbsp;
&quot;We a...
]]>
</description>
<pubDate><![CDATA[Sat, 30 Apr 2016 20:31:11 +0530]]></pubDate>
</item>
<item>
<title><![CDATA[Delhi Daredevils beats KKR by 27 runs ]]></title>
<category><![CDATA[Sports]]></category>
<link>http://www.thehindubusinessline.com/news/sports/delhi-daredevils-beats-kkr-by-27-runs/article8541716.ece?utm_source=RSS_Feed&amp;utm_medium=RSS&amp;utm_campaign=RSS_Syndication</link>
<description><![CDATA[
Delhi Daredevils beat Kolkata Knight Riders by 27 runs in their Indian Premier League match here today.
Brief scores: Delhi Daredevils: 186 for eight in 20 overs (Karun Nair 68, Sam Billings 54;...
]]>
</description>
<pubDate><![CDATA[Sat, 30 Apr 2016 20:24:42 +0530]]></pubDate>
</item>
<item>
<title><![CDATA[Telangana to set up Spices Park in Nizamabad]]></title>
<category><![CDATA[National]]></category>
<link>http://www.thehindubusinessline.com/news/national/telangana-to-set-up-spices-park-in-nizamabad/article8541681.ece?utm_source=RSS_Feed&amp;utm_medium=RSS&amp;utm_campaign=RSS_Syndication</link>
<description><![CDATA[
The Telangana Government is setting up a Spices Park in Nizamabad. The park will come up in Padigal in Nizamabad district with an outlay of Rs 31 crore. “The park is coming up in 40 acres, caterin...
]]>
</description>
<pubDate><![CDATA[Sat, 30 Apr 2016 21:57:29 +0530]]></pubDate>
</item>
<item>
<title><![CDATA[AP to be ‘open defecation free’ by Oct 2  ]]></title>
<category><![CDATA[National]]></category>
<link>http://www.thehindubusinessline.com/news/national/ap-to-be-open-defecation-free-byoct-2/article8541652.ece?utm_source=RSS_Feed&amp;utm_medium=RSS&amp;utm_campaign=RSS_Syndication</link>
<description><![CDATA[
&nbsp;
&nbsp; Andhra Pradesh is making a bold commitment to emerge as the first State in the country to make all of its urban areas ‘Open Defecation Free’ by&nbsp;October 2nd&nbsp;this year.
&nb...
]]>
</description>
<pubDate><![CDATA[Sat, 30 Apr 2016 19:27:43 +0530]]></pubDate>
</item>
</channel>
</rss>
