<?xml version="1.0" encoding="utf-8"?><rss version="2.0">
        <channel>
        <title>CBN.com - CBN News</title>
        <link>http://www.cbn.com/cbnnews/feed/</link>
        <description><![CDATA[CBNNews.com Feed]]></description>
        <copyright><![CDATA[Copyright 2011. The Christian Broadcasting Network, Inc.]]></copyright><item>
                <title><![CDATA[Politics and Hollywood Collide At The Nerd Prom]]></title><description><![CDATA[Politics and Hollywood Collide At The Nerd Prom]]></description><thumbnail><![CDATA[http://www1.cbn.com/sites/default/files/candacecameronbure_si.jpg]]></thumbnail><link>http://www.cbn.com/api/urlredirect.aspx?u=http://www1.cbn.com/cbnnews/us/2016/april/politics-and-hollywood-collide-at-the-nerd-prom</link><isVideoArticle>true</isVideoArticle><pubDate>2016-04-30T22:28:02-04:00</pubDate></item><item>
                <title><![CDATA[Boxer Pacquiao 'Alarmed, Surprised' by Muslim Extemist Threat]]></title><description><![CDATA[Boxer Pacquiao 'Alarmed, Surprised' by Muslim Extemist Threat]]></description><thumbnail><![CDATA[http://www1.cbn.com/sites/default/files/mannypacquiao_si.jpg]]></thumbnail><link>http://www.cbn.com/api/urlredirect.aspx?u=http://www1.cbn.com/cbnnews/world/2016/may/boxer-pacquiao-alarmed-surprised-by-muslim-extemist-threat</link><isVideoArticle>false</isVideoArticle><pubDate>2016-05-01T09:34:07-04:00</pubDate></item><item>
                <title><![CDATA[Dolly Parton Opens Up About Remarkable Journey to Fame]]></title><description><![CDATA[Dolly Parton Opens Up About Remarkable Journey to Fame]]></description><thumbnail><![CDATA[http://www1.cbn.com/sites/default/files/media/standard/images/dollyparton_si.jpg]]></thumbnail><link>http://www.cbn.com/api/urlredirect.aspx?u=http://www1.cbn.com/cbnnews/us/2016/april/dolly-parton-opens-up-about-remarkable-journey-to-fame</link><isVideoArticle>true</isVideoArticle><pubDate>2016-04-30T10:02:31-04:00</pubDate></item><item>
                <title><![CDATA[Famous Arab YouTubers Seek to Empower Females]]></title><description><![CDATA[Famous Arab YouTubers Seek to Empower Females]]></description><thumbnail><![CDATA[http://www1.cbn.com/sites/default/files/arabwomanmakeup_si.jpg]]></thumbnail><link>http://www.cbn.com/api/urlredirect.aspx?u=http://www1.cbn.com/cbnnews/world/2016/may/famous-arab-youtubers-seek-to-empower-females</link><isVideoArticle>true</isVideoArticle><pubDate>2016-05-01T09:14:48-04:00</pubDate></item><item>
                <title><![CDATA[Christian Leader Says Reach Out To Those Struggling With Gender Identity]]></title><description><![CDATA[Christian Leader Says Reach Out To Those Struggling With Gender Identity]]></description><thumbnail><![CDATA[http://www1.cbn.com/sites/default/files/sue468_samuel_rodriguez_SI.jpg]]></thumbnail><link>http://www.cbn.com/api/urlredirect.aspx?u=http://www1.cbn.com/cbnnews/us/2016/april/christian-leader-says-reach-out-to-those-struggling-with-gender-identity</link><isVideoArticle>false</isVideoArticle><pubDate>2016-04-30T11:15:35-04:00</pubDate></item><item>
                <title><![CDATA[This Greatest Treasure Found Under Tons of Trash]]></title><description><![CDATA[This Greatest Treasure Found Under Tons of Trash]]></description><thumbnail><![CDATA[http://www1.cbn.com/sites/default/files/media/standard/images/waterpollutionas_si.jpg]]></thumbnail><link>http://www.cbn.com/api/urlredirect.aspx?u=http://www1.cbn.com/cbnnews/cwn/2016/april/this-greatest-treasure-found-under-tons-of-trash</link><isVideoArticle>true</isVideoArticle><pubDate>2016-04-30T10:12:41-04:00</pubDate></item><item>
                <title><![CDATA[House Panel Clears Bill to Make Women Register for the Draft]]></title><description><![CDATA[House Panel Clears Bill to Make Women Register for the Draft]]></description><thumbnail><![CDATA[http://www1.cbn.com/sites/default/files/WomenMilitary5_SI.jpg]]></thumbnail><link>http://www.cbn.com/api/urlredirect.aspx?u=http://www1.cbn.com/cbnnews/us/2016/may/house-panel-clears-bill-to-make-women-register-for-the-draft</link><isVideoArticle>false</isVideoArticle><pubDate>2016-05-01T09:23:32-04:00</pubDate></item><item>
                <title><![CDATA[Chinese Government Continues Crackdown On Churches; Imposes Communism]]></title><description><![CDATA[Chinese Government Continues Crackdown On Churches; Imposes Communism ]]></description><thumbnail><![CDATA[http://www1.cbn.com/sites/default/files/chinachurches2_si.jpg]]></thumbnail><link>http://www.cbn.com/api/urlredirect.aspx?u=http://www1.cbn.com/cbnnews/cwn/2016/april/chinese-government-continues-crackdown-on-churches-imposes-communism</link><isVideoArticle>false</isVideoArticle><pubDate>2016-04-30T14:03:02-04:00</pubDate></item><item>
                <title><![CDATA[Christian Orphanage In India Could Be Shut Down By The Government]]></title><description><![CDATA[Christian Orphanage In India Could Be Shut Down By The Government]]></description><thumbnail><![CDATA[http://www1.cbn.com/sites/default/files/media/standard/images/indiangirlas_si.jpg]]></thumbnail><link>http://www.cbn.com/api/urlredirect.aspx?u=http://www1.cbn.com/cbnnews/cwn/2016/april/christian-orphanage-in-india-could-be-shut-down-by-the-government</link><isVideoArticle>false</isVideoArticle><pubDate>2016-04-30T11:25:40-04:00</pubDate></item><item>
                <title><![CDATA[Rep. Hultgren Calls Hastert's Child Sex Abuse 'Abominable']]></title><description><![CDATA[Rep. Hultgren Calls Hastert's Child Sex Abuse 'Abominable' ]]></description><thumbnail><![CDATA[http://www1.cbn.com/sites/default/files/media/standard/images/dennishastert_si.jpg]]></thumbnail><link>http://www.cbn.com/api/urlredirect.aspx?u=http://www1.cbn.com/cbnnews/us/2016/april/rep-hultgren-calls-hasterts-child-sex-abuse-abominable</link><isVideoArticle>true</isVideoArticle><pubDate>2016-04-30T10:25:21-04:00</pubDate></item><item>
                <title><![CDATA[Could West Virginia Revival Spark End-Time Awakening?]]></title><description><![CDATA[Could West Virginia Revival Spark End-Time Awakening?]]></description><thumbnail><![CDATA[http://www1.cbn.com/sites/default/files/media/standard/images/kidsworshiping_si.jpg]]></thumbnail><link>http://www.cbn.com/api/urlredirect.aspx?u=http://www1.cbn.com/cbnnews/us/2016/april/could-west-virginia-revival-spark-end-time-awakening</link><isVideoArticle>true</isVideoArticle><pubDate>2016-04-29T11:37:55-04:00</pubDate></item><item>
                <title><![CDATA[NC State University Students Need Permit to Talk About Jesus]]></title><description><![CDATA[NC State University Students Need Permit to Talk About Jesus]]></description><thumbnail><![CDATA[http://www1.cbn.com/sites/default/files/manwithtapeonmouthas_si.jpg]]></thumbnail><link>http://www.cbn.com/api/urlredirect.aspx?u=http://www1.cbn.com/cbnnews/us/2016/april/nc-state-university-students-need-permit-to-talk-about-jesus</link><isVideoArticle>true</isVideoArticle><pubDate>2016-04-28T10:05:13-04:00</pubDate></item><item>
                <title><![CDATA[War Hero Exonerated for Defending Child from Sex Predator]]></title><description><![CDATA[War Hero Exonerated for Defending Child from Sex Predator]]></description><thumbnail><![CDATA[http://www1.cbn.com/sites/default/files/charlesmartland_si.jpg]]></thumbnail><link>http://www.cbn.com/api/urlredirect.aspx?u=http://www1.cbn.com/cbnnews/2016/april/war-hero-exonerated-for-defending-child-from-sex-predator</link><isVideoArticle>false</isVideoArticle><pubDate>2016-04-29T09:05:39-04:00</pubDate></item><item>
                <title><![CDATA[Pence Endorses Cruz ahead of Indiana Primary]]></title><description><![CDATA[Pence Endorses Cruz ahead of Indiana Primary ]]></description><thumbnail><![CDATA[http://www1.cbn.com/sites/default/files/cruzpence_si.jpg]]></thumbnail><link>http://www.cbn.com/api/urlredirect.aspx?u=http://www1.cbn.com/cbnnews/politics/2016/april/pence-endorses-cruz-ahead-of-indiana-primary</link><isVideoArticle>false</isVideoArticle><pubDate>2016-04-29T11:54:20-04:00</pubDate></item><item>
                <title><![CDATA[GOP Establishment Finally Warming Up to 'The Donald'?]]></title><description><![CDATA[GOP Establishment Finally Warming Up to 'The Donald'?]]></description><thumbnail><![CDATA[http://www1.cbn.com/sites/default/files/donaldtrump16_si.jpg]]></thumbnail><link>http://www.cbn.com/api/urlredirect.aspx?u=http://www1.cbn.com/cbnnews/politics/2016/april/gop-establishment-finally-warming-up-to-the-donald</link><isVideoArticle>true</isVideoArticle><pubDate>2016-04-29T09:09:03-04:00</pubDate></item><item>
                <title><![CDATA[Is It Unchristian to Choose Cremation over Burial?]]></title><description><![CDATA[Is It Unchristian to Choose Cremation over Burial?]]></description><thumbnail><![CDATA[http://www1.cbn.com/sites/default/files/tombstoneas_si.jpg]]></thumbnail><link>http://www.cbn.com/api/urlredirect.aspx?u=http://www1.cbn.com/cbnnews/health/2016/april/is-it-unchristian-to-choose-cremation-over-burial</link><isVideoArticle>false</isVideoArticle><pubDate>2016-04-28T15:46:34-04:00</pubDate></item><item>
                <title><![CDATA[China Church Wins Rights to Property After Pastor's Wife Killed]]></title><description><![CDATA[China Church Wins Rights to Property After Pastor's Wife Killed]]></description><thumbnail><![CDATA[http://www1.cbn.com/sites/default/files/chinaflag_si.jpg]]></thumbnail><link>http://www.cbn.com/api/urlredirect.aspx?u=http://www1.cbn.com/cbnnews/world/2016/april/china-church-wins-rights-to-property-after-pastors-wife-killed</link><isVideoArticle>true</isVideoArticle><pubDate>2016-04-29T12:06:47-04:00</pubDate></item><item>
                <title><![CDATA[Oregon Bakers Appeal Ruling Against Their Religious Rights]]></title><description><![CDATA[Oregon Bakers Appeal Ruling Against Their Religious Rights]]></description><thumbnail><![CDATA[http://www1.cbn.com/sites/default/files/sweetcakes2_si.jpg]]></thumbnail><link>http://www.cbn.com/api/urlredirect.aspx?u=http://www1.cbn.com/cbnnews/us/2016/april/oregon-bakers-appeal-ruling-against-their-religious-rights</link><isVideoArticle>true</isVideoArticle><pubDate>2016-04-29T09:29:25-04:00</pubDate></item></channel></rss>